#,Source,Total Samples,Samples,Top Stall #1 (Type),Top Stall #1 (Samples),Top Stall #2 (Type),Top Stall #2 (Samples),Top Stall #3 (Type),Top Stall #3 (Samples),Avg. Warp Latency,Instruction Mix,Dependency-Attributed Samples,Live Registers
,hiz.comp,,,,,,,,,
1,#version 450,,,,,,,,,0,,,
2,,,,,,,,,,0,,,
3,"// Hi-Z (hierarchical depth) pyramid build (review 4.9 step 3, single-phase occlusion groundwork).",,,,,,,,,0,,,
4,"// One module, two compute pipelines via the isReduce specialization constant (mirrors cull.comp's",,,,,,,,,0,,,
5,// useMeshShader): reduce builds mip 0 from this view's MSAA camera depth; downsample builds mip,,,,,,,,,0,,,
6,"// (srcMip+1) from mip srcMip. Per-mip descriptor sets bind the single destination mip as uMip, so",,,,,,,,,0,,,
7,// no storage-image-array dynamic indexing (an unenabled 1.0 feature) is required. R32F pyramid.,,,,,,,,,0,,,
8,,,,,,,,,,0,,,
9,"layout(local_size_x = 8, local_size_y = 8) in;",,,,,,,,,0,,,
10,,,,,,,,,,0,,,
11,layout(constant_id = 0) const bool isReduce = false;,,,,,,,,,0,,,
12,,,,,,,,,,0,,,
13,"layout(set = 0, binding = 0) uniform sampler2D   uPyramid;            // downsample source (all mips)",,,,,,,,,0,,,
14,"layout(set = 0, binding = 1, r32f) writeonly uniform image2D uMip;    // this mip's destination",,,,,,,,,0,,,
15,"layout(set = 0, binding = 2) uniform sampler2DMS uDepth;              // reduce source (MSAA depth)",,,,,,,,,0,,,
16,,,,,,,,,,0,,,
17,layout(push_constant) uniform PC {,,,,,,,,,0,,,
18,int   srcMip;     // mip to read for downsample (ignored by reduce; reduce reads full-res depth),,,,,,,,,0,,,
19,"ivec2 dstSize;    // destination mip dimensions, px",,,,,,,,,0,,,
20,"ivec2 srcSize;    // source dimensions, px: full depth for reduce, mip srcMip for downsample",,,,,,,,,0,,,
21,} pc;,,,,,,,,,0,,,
22,,,,,,,,,,0,,,
23,// Conservative MAX over the source footprint this destination texel covers. Standard ZO depth,,,,,,,,,0,,,
24,"// (near=0, far=1, no reverse-Z): the pyramid stores the FARTHEST depth in each texel, so the cull",,,,,,,,,0,,,
25,// rejects an entity only when its nearest point is behind every covered surface. When a source,,,,,,,,,0,,,
26,// dimension is odd the footprint extends one texel at the boundary so no far sample is dropped ���,,,,,,,,,0,,,
27,// dropping one would shrink the stored max and risk culling visible geometry (over-occlusion).,,,,,,,,,0,,,
28,void main() {,,,,,,,,,0,,,
29,ivec2 d = ivec2(gl_GlobalInvocationID.xy);,240,240,No Instructions,207,Short Scoreboard,16,Wait,12,103.11666666666666,7,32,5
30,if (d.x >= pc.dstSize.x || d.y >= pc.dstSize.y) return;,133,133,Immediate Constant Cache Miss,101,Wait,28,No Instructions,2,61.45112781954887,2,,5
31,,,,,,,,,,0,,,
32,"int x0 = d.x * 2, y0 = d.y * 2;",2,2,Selected,1,Math Pipe Throttle,1,,,0,2,,9
33,"int x1 = min(x0 + 1, pc.srcSize.x - 1);",7,7,Wait,4,Selected,3,,,0,4,,9
34,"int y1 = min(y0 + 1, pc.srcSize.y - 1);",9,9,Selected,3,Wait,3,Math Pipe Throttle,2,5,3,,9
35,"if ((pc.srcSize.x & 1) != 0 && d.x == pc.dstSize.x - 1) x1 = min(x0 + 2, pc.srcSize.x - 1);",12,12,Selected,7,Wait,5,,,8,7,,9
36,"if ((pc.srcSize.y & 1) != 0 && d.y == pc.dstSize.y - 1) y1 = min(y0 + 2, pc.srcSize.y - 1);",101,101,Wait,50,Math Pipe Throttle,18,Not Selected,16,42,7,,9
37,,,,,,,,,,0,,,
38,float maxd = 0.0;,,,,,,,,,0,,,
39,if (isReduce) {,,,,,,,,,0,,,
40,int samples = textureSamples(uDepth);,627,627,Texture Throttle,570,Immediate Constant Cache Miss,40,Not Selected,7,295.42424242424244,1,1592,8
41,for (int y = y0; y <= y1; ++y),143,143,Wait,101,Selected,22,Branch Resolving,20,73,8,,9
42,for (int x = x0; x <= x1; ++x),1822,1822,Long Scoreboard,1592,Wait,148,Selected,34,625,8,,9
43,for (int s = 0; s < samples; ++s),1572,1572,Wait,671,Long Scoreboard,609,Selected,220,625,22,,15
44,"maxd = max(maxd, texelFetch(uDepth, ivec2(x, y), s).r);",50909,50909,Long Scoreboard,41862,Texture Throttle,8611,Wait,223,26718,16,116801,16
45,} else {,,,,,,,,,0,,,
46,for (int y = y0; y <= y1; ++y),,,,,,,,,0,,,
47,for (int x = x0; x <= x1; ++x),,,,,,,,,0,,,
48,"maxd = max(maxd, texelFetch(uPyramid, ivec2(x, y), pc.srcMip).r);",,,,,,,,,0,,,
49,},,,,,,,,,0,,,
50,"imageStore(uMip, d, vec4(maxd, 0.0, 0.0, 0.0));",64,64,Texture Throttle,28,Wait,17,Branch Resolving,11,25,4,,6
51,},626,626,Miscellaneous,580,Wait,34,Branch Resolving,7,213,13,,1
52,,,,,,,,,,0,,,
#,Source,Samples,Top Stall #1 (Type),Top Stall #1 (Samples),Top Stall #2 (Type),Top Stall #2 (Samples),Top Stall #3 (Type),Top Stall #3 (Samples),Avg. Warp Latency,Instruction Mix,Dependency-Attributed Samples,Live Registers
,comp.10000.spv (0ba7ec06b14c5df0),,,,,,,,
1,; SPIR-V,,,,,,,,0,,,
2,; Version: 1.5,,,,,,,,0,,,
3,; Generator: Khronos Glslang Reference Front End; 11,,,,,,,,0,,,
4,; Bound: 424,,,,,,,,0,,,
5,; Schema: 0,,,,,,,,0,,,
6,OpCapability Shader,,,,,,,,0,,,
7,OpCapability ImageQuery,,,,,,,,0,,,
8,"OpExtension ""SPV_KHR_non_semantic_info""",,,,,,,,0,,,
9,"%1 = OpExtInstImport ""NonSemantic.Shader.DebugInfo.100""",,,,,,,,0,,,
10,"%3 = OpExtInstImport ""GLSL.std.450""",,,,,,,,0,,,
11,OpMemoryModel Logical GLSL450,,,,,,,,0,,,
12,"OpEntryPoint GLCompute %main ""main"" %gl_GlobalInvocationID %pc %uDepth %uPyramid %uMip",,,,,,,,0,,,
13,OpExecutionMode %main LocalSize 8 8 1,,,,,,,,0,,,
14,"%2 = OpString ""hiz.comp""",,,,,,,,0,,,
15,"%8 = OpString ""uint""",,,,,,,,0,,,
16,"%16 = OpString ""main""",,,,,,,,0,,,
17,"%19 = OpString ""#version 450",,,,,,,,0,,,
18,,,,,,,,,0,,,
19,"// Hi-Z (hierarchical depth) pyramid build (review 4.9 step 3, single-phase occlusion groundwork).",,,,,,,,0,,,
20,"// One module, two compute pipelines via the isReduce specialization constant (mirrors cull.comp's",,,,,,,,0,,,
21,// useMeshShader): reduce builds mip 0 from this view's MSAA camera depth; downsample builds mip,,,,,,,,0,,,
22,"// (srcMip+1) from mip srcMip. Per-mip descriptor sets bind the single destination mip as uMip, so",,,,,,,,0,,,
23,// no storage-image-array dynamic indexing (an unenabled 1.0 feature) is required. R32F pyramid.,,,,,,,,0,,,
24,,,,,,,,,0,,,
25,"layout(local_size_x = 8, local_size_y = 8) in;",,,,,,,,0,,,
26,,,,,,,,,0,,,
27,layout(constant_id = 0) const bool isReduce = false;,,,,,,,,0,,,
28,,,,,,,,,0,,,
29,"layout(set = 0, binding = 0) uniform sampler2D   uPyramid;            // downsample source (all mips)",,,,,,,,0,,,
30,"layout(set = 0, binding = 1, r32f) writeonly uniform image2D uMip;    // this mip's destination",,,,,,,,0,,,
31,"layout(set = 0, binding = 2) uniform sampler2DMS uDepth;              // reduce source (MSAA depth)",,,,,,,,0,,,
32,,,,,,,,,0,,,
33,layout(push_constant) uniform PC {,,,,,,,,0,,,
34,int   srcMip;     // mip to read for downsample (ignored by reduce; reduce reads full-res depth),,,,,,,,0,,,
35,"ivec2 dstSize;    // destination mip dimensions, px",,,,,,,,0,,,
36,"ivec2 srcSize;    // source dimensions, px: full depth for reduce, mip srcMip for downsample",,,,,,,,0,,,
37,} pc;,,,,,,,,0,,,
38,,,,,,,,,0,,,
39,// Conservative MAX over the source footprint this destination texel covers. Standard ZO depth,,,,,,,,0,,,
40,"// (near=0, far=1, no reverse-Z): the pyramid stores the FARTHEST depth in each texel, so the cull",,,,,,,,0,,,
41,// rejects an entity only when its nearest point is behind every covered surface. When a source,,,,,,,,0,,,
42,// dimension is odd the footprint extends one texel at the boundary so no far sample is dropped ���,,,,,,,,0,,,
43,// dropping one would shrink the stored max and risk culling visible geometry (over-occlusion).,,,,,,,,0,,,
44,void main() {,,,,,,,,0,,,
45,ivec2 d = ivec2(gl_GlobalInvocationID.xy);,,,,,,,,0,,,
46,if (d.x >= pc.dstSize.x || d.y >= pc.dstSize.y) return;,,,,,,,,0,,,
47,,,,,,,,,0,,,
48,"int x0 = d.x * 2, y0 = d.y * 2;",,,,,,,,0,,,
49,"int x1 = min(x0 + 1, pc.srcSize.x - 1);",,,,,,,,0,,,
50,"int y1 = min(y0 + 1, pc.srcSize.y - 1);",,,,,,,,0,,,
51,"if ((pc.srcSize.x & 1) != 0 && d.x == pc.dstSize.x - 1) x1 = min(x0 + 2, pc.srcSize.x - 1);",,,,,,,,0,,,
52,"if ((pc.srcSize.y & 1) != 0 && d.y == pc.dstSize.y - 1) y1 = min(y0 + 2, pc.srcSize.y - 1);",,,,,,,,0,,,
53,,,,,,,,,0,,,
54,float maxd = 0.0;,,,,,,,,0,,,
55,if (isReduce) {,,,,,,,,0,,,
56,int samples = textureSamples(uDepth);,,,,,,,,0,,,
57,for (int y = y0; y <= y1; ++y),,,,,,,,0,,,
58,for (int x = x0; x <= x1; ++x),,,,,,,,0,,,
59,for (int s = 0; s < samples; ++s),,,,,,,,0,,,
60,"maxd = max(maxd, texelFetch(uDepth, ivec2(x, y), s).r);",,,,,,,,0,,,
61,} else {,,,,,,,,0,,,
62,for (int y = y0; y <= y1; ++y),,,,,,,,0,,,
63,for (int x = x0; x <= x1; ++x),,,,,,,,0,,,
64,"maxd = max(maxd, texelFetch(uPyramid, ivec2(x, y), pc.srcMip).r);",,,,,,,,0,,,
65,},,,,,,,,0,,,
66,"imageStore(uMip, d, vec4(maxd, 0.0, 0.0, 0.0));",,,,,,,,0,,,
67,},,,,,,,,0,,,
68,"""",,,,,,,,0,,,
69,"%29 = OpString ""int""",,,,,,,,0,,,
70,"%38 = OpString ""d""",,,,,,,,0,,,
71,"%49 = OpString ""gl_GlobalInvocationID""",,,,,,,,0,,,
72,"%57 = OpString ""bool""",,,,,,,,0,,,
73,"%67 = OpString ""srcMip""",,,,,,,,0,,,
74,"%71 = OpString ""srcSize""",,,,,,,,0,,,
75,"%75 = OpString ""PC""",,,,,,,,0,,,
76,"%81 = OpString ""pc""",,,,,,,,0,,,
77,"%108 = OpString ""x0""",,,,,,,,0,,,
78,"%118 = OpString ""y0""",,,,,,,,0,,,
79,"%125 = OpString ""x1""",,,,,,,,0,,,
80,"%137 = OpString ""y1""",,,,,,,,0,,,
81,"%208 = OpString ""float""",,,,,,,,0,,,
82,"%214 = OpString ""maxd""",,,,,,,,0,,,
83,"%230 = OpString ""samples""",,,,,,,,0,,,
84,"%236 = OpString ""type.2d.image""",,,,,,,,0,,,
85,"%237 = OpString ""@type.2d.image""",,,,,,,,0,,,
86,"%241 = OpString ""type.sampled.image""",,,,,,,,0,,,
87,"%242 = OpString ""@type.sampled.image""",,,,,,,,0,,,
88,"%247 = OpString ""uDepth""",,,,,,,,0,,,
89,"%253 = OpString ""y""",,,,,,,,0,,,
90,"%272 = OpString ""x""",,,,,,,,0,,,
91,"%292 = OpString ""s""",,,,,,,,0,,,
92,"%388 = OpString ""uPyramid""",,,,,,,,0,,,
93,"%414 = OpString ""uMip""",,,,,,,,0,,,
94,"OpName %main ""main""",,,,,,,,0,,,
95,"OpName %d ""d""",,,,,,,,0,,,
96,"OpName %gl_GlobalInvocationID ""gl_GlobalInvocationID""",,,,,,,,0,,,
97,"OpName %PC ""PC""",,,,,,,,0,,,
98,"OpMemberName %PC 0 ""srcMip""",,,,,,,,0,,,
99,"OpMemberName %PC 1 ""dstSize""",,,,,,,,0,,,
100,"OpMemberName %PC 2 ""srcSize""",,,,,,,,0,,,
101,"OpName %pc ""pc""",,,,,,,,0,,,
102,"OpName %x0 ""x0""",,,,,,,,0,,,
103,"OpName %y0 ""y0""",,,,,,,,0,,,
104,"OpName %x1 ""x1""",,,,,,,,0,,,
105,"OpName %y1 ""y1""",,,,,,,,0,,,
106,"OpName %maxd ""maxd""",,,,,,,,0,,,
107,"OpName %isReduce ""isReduce""",,,,,,,,0,,,
108,"OpName %samples ""samples""",,,,,,,,0,,,
109,"OpName %uDepth ""uDepth""",,,,,,,,0,,,
110,"OpName %y ""y""",,,,,,,,0,,,
111,"OpName %x ""x""",,,,,,,,0,,,
112,"OpName %s ""s""",,,,,,,,0,,,
113,"OpName %y_0 ""y""",,,,,,,,0,,,
114,"OpName %x_0 ""x""",,,,,,,,0,,,
115,"OpName %uPyramid ""uPyramid""",,,,,,,,0,,,
116,"OpName %uMip ""uMip""",,,,,,,,0,,,
117,"OpModuleProcessed ""client vulkan100""",,,,,,,,0,,,
118,"OpModuleProcessed ""target-env spirv1.5""",,,,,,,,0,,,
119,"OpModuleProcessed ""target-env vulkan1.2""",,,,,,,,0,,,
120,"OpModuleProcessed ""entry-point main""",,,,,,,,0,,,
121,OpDecorate %gl_GlobalInvocationID BuiltIn GlobalInvocationId,,,,,,,,0,,,
122,OpDecorate %PC Block,,,,,,,,0,,,
123,OpMemberDecorate %PC 0 Offset 0,,,,,,,,0,,,
124,OpMemberDecorate %PC 1 Offset 8,,,,,,,,0,,,
125,OpMemberDecorate %PC 2 Offset 16,,,,,,,,0,,,
126,OpDecorate %isReduce SpecId 0,,,,,,,,0,,,
127,OpDecorate %uDepth Binding 2,,,,,,,,0,,,
128,OpDecorate %uDepth DescriptorSet 0,,,,,,,,0,,,
129,OpDecorate %uPyramid Binding 0,,,,,,,,0,,,
130,OpDecorate %uPyramid DescriptorSet 0,,,,,,,,0,,,
131,OpDecorate %uMip NonReadable,,,,,,,,0,,,
132,OpDecorate %uMip Binding 1,,,,,,,,0,,,
133,OpDecorate %uMip DescriptorSet 0,,,,,,,,0,,,
134,OpDecorate %gl_WorkGroupSize BuiltIn WorkgroupSize,,,,,,,,0,,,
135,%void = OpTypeVoid,,,,,,,,0,,,
136,%5 = OpTypeFunction %void,,,,,,,,0,,,
137,%uint = OpTypeInt 32 0,,,,,,,,0,,,
138,%uint_32 = OpConstant %uint 32,,,,,,,,0,,,
139,%uint_6 = OpConstant %uint 6,,,,,,,,0,,,
140,%uint_0 = OpConstant %uint 0,,,,,,,,0,,,
141,%9 = OpExtInst %void %1 DebugTypeBasic %8 %uint_32 %uint_6 %uint_0,,,,,,,,0,,,
142,%uint_3 = OpConstant %uint 3,,,,,,,,0,,,
143,%6 = OpExtInst %void %1 DebugTypeFunction %uint_3 %void,,,,,,,,0,,,
144,%18 = OpExtInst %void %1 DebugSource %2 %19,,,,,,,,0,,,
145,%uint_28 = OpConstant %uint 28,,,,,,,,0,,,
146,%uint_1 = OpConstant %uint 1,,,,,,,,0,,,
147,%uint_4 = OpConstant %uint 4,,,,,,,,0,,,
148,%uint_2 = OpConstant %uint 2,,,,,,,,0,,,
149,%21 = OpExtInst %void %1 DebugCompilationUnit %uint_1 %uint_4 %18 %uint_2,,,,,,,,0,,,
150,%17 = OpExtInst %void %1 DebugFunction %16 %6 %18 %uint_28 %uint_0 %21 %16 %uint_3 %uint_28,,,,,,,,0,,,
151,%int = OpTypeInt 32 1,,,,,,,,0,,,
152,%30 = OpExtInst %void %1 DebugTypeBasic %29 %uint_32 %uint_4 %uint_0,,,,,,,,0,,,
153,%v2int = OpTypeVector %int 2,,,,,,,,0,,,
154,%32 = OpExtInst %void %1 DebugTypeVector %30 %uint_2,,,,,,,,0,,,
155,%_ptr_Function_v2int = OpTypePointer Function %v2int,,,,,,,,0,,,
156,%uint_7 = OpConstant %uint 7,,,,,,,,0,,,
157,%35 = OpExtInst %void %1 DebugTypePointer %32 %uint_7 %uint_0,,,,,,,,0,,,
158,%uint_29 = OpConstant %uint 29,,,,,,,,0,,,
159,%37 = OpExtInst %void %1 DebugLocalVariable %38 %32 %18 %uint_29 %uint_0 %17 %uint_4,,,,,,,,0,,,
160,%41 = OpExtInst %void %1 DebugExpression,,,,,,,,0,,,
161,%v3uint = OpTypeVector %uint 3,,,,,,,,0,,,
162,%44 = OpExtInst %void %1 DebugTypeVector %9 %uint_3,,,,,,,,0,,,
163,%_ptr_Input_v3uint = OpTypePointer Input %v3uint,,,,,,,,0,,,
164,%46 = OpExtInst %void %1 DebugTypePointer %44 %uint_1 %uint_0,,,,,,,,0,,,
165,%gl_GlobalInvocationID = OpVariable %_ptr_Input_v3uint Input,,,,,,,,0,,,
166,%uint_8 = OpConstant %uint 8,,,,,,,,0,,,
167,%48 = OpExtInst %void %1 DebugGlobalVariable %49 %44 %18 %uint_29 %uint_0 %21 %49 %gl_GlobalInvocationID %uint_8,,,,,,,,0,,,
168,%v2uint = OpTypeVector %uint 2,,,,,,,,0,,,
169,%52 = OpExtInst %void %1 DebugTypeVector %9 %uint_2,,,,,,,,0,,,
170,%bool = OpTypeBool,,,,,,,,0,,,
171,%58 = OpExtInst %void %1 DebugTypeBasic %57 %uint_32 %uint_2 %uint_0,,,,,,,,0,,,
172,%_ptr_Function_int = OpTypePointer Function %int,,,,,,,,0,,,
173,%60 = OpExtInst %void %1 DebugTypePointer %30 %uint_7 %uint_0,,,,,,,,0,,,
174,%uint_30 = OpConstant %uint 30,,,,,,,,0,,,
175,%PC = OpTypeStruct %int %v2int %v2int,,,,,,,,0,,,
176,%uint_18 = OpConstant %uint 18,,,,,,,,0,,,
177,%uint_11 = OpConstant %uint 11,,,,,,,,0,,,
178,%66 = OpExtInst %void %1 DebugTypeMember %67 %30 %18 %uint_18 %uint_11 %uint_0 %uint_0 %uint_3,,,,,,,,0,,,
179,%uint_20 = OpConstant %uint 20,,,,,,,,0,,,
180,%70 = OpExtInst %void %1 DebugTypeMember %71 %32 %18 %uint_20 %uint_11 %uint_0 %uint_0 %uint_3,,,,,,,,0,,,
181,%73 = OpExtInst %void %1 DebugTypeMember %71 %32 %18 %uint_20 %uint_11 %uint_0 %uint_0 %uint_3,,,,,,,,0,,,
182,%74 = OpExtInst %void %1 DebugTypeComposite %75 %uint_1 %18 %uint_30 %uint_0 %21 %75 %uint_0 %uint_3 %66 %70 %73,,,,,,,,0,,,
183,%_ptr_PushConstant_PC = OpTypePointer PushConstant %PC,,,,,,,,0,,,
184,%uint_9 = OpConstant %uint 9,,,,,,,,0,,,
185,%78 = OpExtInst %void %1 DebugTypePointer %74 %uint_9 %uint_0,,,,,,,,0,,,
186,%pc = OpVariable %_ptr_PushConstant_PC PushConstant,,,,,,,,0,,,
187,%80 = OpExtInst %void %1 DebugGlobalVariable %81 %74 %18 %uint_30 %uint_0 %21 %81 %pc %uint_8,,,,,,,,0,,,
188,%int_1 = OpConstant %int 1,,,,,,,,0,,,
189,%_ptr_PushConstant_int = OpTypePointer PushConstant %int,,,,,,,,0,,,
190,%84 = OpExtInst %void %1 DebugTypePointer %30 %uint_9 %uint_0,,,,,,,,0,,,
191,%107 = OpExtInst %void %1 DebugLocalVariable %108 %30 %18 %uint_32 %uint_0 %17 %uint_4,,,,,,,,0,,,
192,%int_2 = OpConstant %int 2,,,,,,,,0,,,
193,%117 = OpExtInst %void %1 DebugLocalVariable %118 %30 %18 %uint_32 %uint_0 %17 %uint_4,,,,,,,,0,,,
194,%uint_33 = OpConstant %uint 33,,,,,,,,0,,,
195,%124 = OpExtInst %void %1 DebugLocalVariable %125 %30 %18 %uint_33 %uint_0 %17 %uint_4,,,,,,,,0,,,
196,%uint_34 = OpConstant %uint 34,,,,,,,,0,,,
197,%136 = OpExtInst %void %1 DebugLocalVariable %137 %30 %18 %uint_34 %uint_0 %17 %uint_4,,,,,,,,0,,,
198,%uint_35 = OpConstant %uint 35,,,,,,,,0,,,
199,%int_0 = OpConstant %int 0,,,,,,,,0,,,
200,%uint_36 = OpConstant %uint 36,,,,,,,,0,,,
201,%float = OpTypeFloat 32,,,,,,,,0,,,
202,%209 = OpExtInst %void %1 DebugTypeBasic %208 %uint_32 %uint_3 %uint_0,,,,,,,,0,,,
203,%_ptr_Function_float = OpTypePointer Function %float,,,,,,,,0,,,
204,%211 = OpExtInst %void %1 DebugTypePointer %209 %uint_7 %uint_0,,,,,,,,0,,,
205,%uint_38 = OpConstant %uint 38,,,,,,,,0,,,
206,%213 = OpExtInst %void %1 DebugLocalVariable %214 %209 %18 %uint_38 %uint_0 %17 %uint_4,,,,,,,,0,,,
207,%float_0 = OpConstant %float 0,,,,,,,,0,,,
208,%isReduce = OpSpecConstantFalse %bool,,,,,,,,0,,,
209,%uint_39 = OpConstant %uint 39,,,,,,,,0,,,
210,%uint_40 = OpConstant %uint 40,,,,,,,,0,,,
211,%uint_21 = OpConstant %uint 21,,,,,,,,0,,,
212,%225 = OpExtInst %void %1 DebugLexicalBlock %18 %uint_40 %uint_21 %17,,,,,,,,0,,,
213,%229 = OpExtInst %void %1 DebugLocalVariable %230 %30 %18 %uint_40 %uint_0 %225 %uint_4,,,,,,,,0,,,
214,%234 = OpTypeImage %float 2D 0 0 1 1 Unknown,,,,,,,,0,,,
215,%238 = OpExtInst %void %1 DebugInfoNone,,,,,,,,0,,,
216,%235 = OpExtInst %void %1 DebugTypeComposite %236 %uint_0 %18 %uint_40 %uint_0 %21 %237 %238 %uint_3,,,,,,,,0,,,
217,%239 = OpTypeSampledImage %234,,,,,,,,0,,,
218,%240 = OpExtInst %void %1 DebugTypeComposite %241 %uint_0 %18 %uint_40 %uint_0 %21 %242 %238 %uint_3,,,,,,,,0,,,
219,%_ptr_UniformConstant_239 = OpTypePointer UniformConstant %239,,,,,,,,0,,,
220,%244 = OpExtInst %void %1 DebugTypePointer %240 %uint_0 %uint_0,,,,,,,,0,,,
221,%uDepth = OpVariable %_ptr_UniformConstant_239 UniformConstant,,,,,,,,0,,,
222,%246 = OpExtInst %void %1 DebugGlobalVariable %247 %240 %18 %uint_40 %uint_0 %21 %247 %uDepth %uint_8,,,,,,,,0,,,
223,%uint_41 = OpConstant %uint 41,,,,,,,,0,,,
224,%252 = OpExtInst %void %1 DebugLocalVariable %253 %30 %18 %uint_41 %uint_0 %225 %uint_4,,,,,,,,0,,,
225,%uint_42 = OpConstant %uint 42,,,,,,,,0,,,
226,%271 = OpExtInst %void %1 DebugLocalVariable %272 %30 %18 %uint_42 %uint_0 %225 %uint_4,,,,,,,,0,,,
227,%uint_43 = OpConstant %uint 43,,,,,,,,0,,,
228,%291 = OpExtInst %void %1 DebugLocalVariable %292 %30 %18 %uint_43 %uint_0 %225 %uint_4,,,,,,,,0,,,
229,%uint_44 = OpConstant %uint 44,,,,,,,,0,,,
230,%v4float = OpTypeVector %float 4,,,,,,,,0,,,
231,%320 = OpExtInst %void %1 DebugTypeVector %209 %uint_4,,,,,,,,0,,,
232,%uint_46 = OpConstant %uint 46,,,,,,,,0,,,
233,%337 = OpExtInst %void %1 DebugLexicalBlock %18 %uint_46 %uint_9 %17,,,,,,,,0,,,
234,%340 = OpExtInst %void %1 DebugLocalVariable %253 %30 %18 %uint_46 %uint_0 %337 %uint_4,,,,,,,,0,,,
235,%uint_47 = OpConstant %uint 47,,,,,,,,0,,,
236,%358 = OpExtInst %void %1 DebugLocalVariable %272 %30 %18 %uint_47 %uint_0 %337 %uint_4,,,,,,,,0,,,
237,%uint_48 = OpConstant %uint 48,,,,,,,,0,,,
238,%380 = OpTypeImage %float 2D 0 0 0 1 Unknown,,,,,,,,0,,,
239,%381 = OpExtInst %void %1 DebugTypeComposite %236 %uint_0 %18 %uint_48 %uint_0 %21 %237 %238 %uint_3,,,,,,,,0,,,
240,%382 = OpTypeSampledImage %380,,,,,,,,0,,,
241,%383 = OpExtInst %void %1 DebugTypeComposite %241 %uint_0 %18 %uint_48 %uint_0 %21 %242 %238 %uint_3,,,,,,,,0,,,
242,%_ptr_UniformConstant_382 = OpTypePointer UniformConstant %382,,,,,,,,0,,,
243,%385 = OpExtInst %void %1 DebugTypePointer %383 %uint_0 %uint_0,,,,,,,,0,,,
244,%uPyramid = OpVariable %_ptr_UniformConstant_382 UniformConstant,,,,,,,,0,,,
245,%387 = OpExtInst %void %1 DebugGlobalVariable %388 %383 %18 %uint_48 %uint_0 %21 %388 %uPyramid %uint_8,,,,,,,,0,,,
246,%407 = OpTypeImage %float 2D 0 0 0 2 R32f,,,,,,,,0,,,
247,%uint_50 = OpConstant %uint 50,,,,,,,,0,,,
248,%408 = OpExtInst %void %1 DebugTypeComposite %236 %uint_0 %18 %uint_50 %uint_0 %21 %237 %238 %uint_3,,,,,,,,0,,,
249,%_ptr_UniformConstant_407 = OpTypePointer UniformConstant %407,,,,,,,,0,,,
250,%411 = OpExtInst %void %1 DebugTypePointer %408 %uint_0 %uint_0,,,,,,,,0,,,
251,%uMip = OpVariable %_ptr_UniformConstant_407 UniformConstant,,,,,,,,0,,,
252,%413 = OpExtInst %void %1 DebugGlobalVariable %414 %408 %18 %uint_50 %uint_0 %21 %414 %uMip %uint_8,,,,,,,,0,,,
253,%uint_51 = OpConstant %uint 51,,,,,,,,0,,,
254,%gl_WorkGroupSize = OpConstantComposite %v3uint %uint_8 %uint_8 %uint_1,,,,,,,,0,,,
255,%main = OpFunction %void None %5,,,,,,,,0,,,
256,%15 = OpLabel,,,,,,,,0,,,
257,%d = OpVariable %_ptr_Function_v2int Function,,,,,,,,0,,,
258,%x0 = OpVariable %_ptr_Function_int Function,,,,,,,,0,,,
259,%y0 = OpVariable %_ptr_Function_int Function,,,,,,,,0,,,
260,%x1 = OpVariable %_ptr_Function_int Function,,,,,,,,0,,,
261,%y1 = OpVariable %_ptr_Function_int Function,,,,,,,,0,,,
262,%maxd = OpVariable %_ptr_Function_float Function,,,,,,,,0,,,
263,%samples = OpVariable %_ptr_Function_int Function,,,,,,,,0,,,
264,%y = OpVariable %_ptr_Function_int Function,,,,,,,,0,,,
265,%x = OpVariable %_ptr_Function_int Function,,,,,,,,0,,,
266,%s = OpVariable %_ptr_Function_int Function,,,,,,,,0,,,
267,%y_0 = OpVariable %_ptr_Function_int Function,,,,,,,,0,,,
268,%x_0 = OpVariable %_ptr_Function_int Function,,,,,,,,0,,,
269,%26 = OpExtInst %void %1 DebugScope %17,,,,,,,,0,,,
270,%27 = OpExtInst %void %1 DebugLine %18 %uint_28 %uint_28 %uint_0 %uint_0,,,,,,,,0,,,
271,%25 = OpExtInst %void %1 DebugFunctionDefinition %17 %main,,,,,,,,0,,,
272,%42 = OpExtInst %void %1 DebugLine %18 %uint_29 %uint_29 %uint_0 %uint_0,,,,,,,,0,,,
273,%40 = OpExtInst %void %1 DebugDeclare %37 %d %41,,,,,,,,0,,,
,// hiz.comp:29,,,,,,,,
,ivec2 d = ivec2(gl_GlobalInvocationID.xy);,240,No Instructions,207,Short Scoreboard,16,Wait,12,0,,,5
274,%53 = OpLoad %v3uint %gl_GlobalInvocationID,240,No Instructions,207,Short Scoreboard,16,Wait,12,103.11666666666666,7,32,5
275,%54 = OpVectorShuffle %v2uint %53 %53 0 1,,,,,,,,0,,,
276,%55 = OpBitcast %v2int %54,,,,,,,,0,,,
277,OpStore %d %55,,,,,,,,0,,,
278,%62 = OpExtInst %void %1 DebugLine %18 %uint_30 %uint_30 %uint_0 %uint_0,,,,,,,,0,,,
,if (d.x >= pc.dstSize.x || d.y >= pc.dstSize.y) return;,133,Immediate Constant Cache Miss,101,Wait,28,No Instructions,2,0,,,5
279,%61 = OpAccessChain %_ptr_Function_int %d %uint_0,,,,,,,,0,,,
280,%64 = OpLoad %int %61,,,,,,,,0,,,
281,%85 = OpAccessChain %_ptr_PushConstant_int %pc %int_1 %uint_0,,,,,,,,0,,,
282,%86 = OpLoad %int %85,,,,,,,,0,,,
283,%87 = OpSGreaterThanEqual %bool %64 %86,106,Immediate Constant Cache Miss,101,Wait,3,No Instructions,2,61.31132075471698,1,,5
284,%88 = OpLogicalNot %bool %87,,,,,,,,0,,,
285,OpSelectionMerge %90 None,,,,,,,,0,,,
286,OpBranchConditional %88 %89 %90,,,,,,,,0,,,
287,%89 = OpLabel,,,,,,,,0,,,
288,%92 = OpExtInst %void %1 DebugScope %17,,,,,,,,0,,,
289,%93 = OpExtInst %void %1 DebugLine %18 %uint_30 %uint_30 %uint_0 %uint_0,,,,,,,,0,,,
290,%91 = OpAccessChain %_ptr_Function_int %d %uint_1,,,,,,,,0,,,
291,%94 = OpLoad %int %91,,,,,,,,0,,,
292,%95 = OpAccessChain %_ptr_PushConstant_int %pc %int_1 %uint_1,,,,,,,,0,,,
293,%96 = OpLoad %int %95,,,,,,,,0,,,
294,%97 = OpSGreaterThanEqual %bool %94 %96,,,,,,,,0,,,
295,OpBranch %90,,,,,,,,0,,,
296,%90 = OpLabel,,,,,,,,0,,,
297,%98 = OpPhi %bool %87 %15 %97 %89,,,,,,,,0,,,
298,%101 = OpExtInst %void %1 DebugScope %17,,,,,,,,0,,,
299,%102 = OpExtInst %void %1 DebugLine %18 %uint_30 %uint_30 %uint_0 %uint_0,,,,,,,,0,,,
300,OpSelectionMerge %100 None,,,,,,,,0,,,
301,OpBranchConditional %98 %99 %100,27,Wait,25,Not Selected,1,Selected,1,11.555555555555555,1,,5
302,%99 = OpLabel,,,,,,,,0,,,
303,%103 = OpExtInst %void %1 DebugScope %17,,,,,,,,0,,,
304,%104 = OpExtInst %void %1 DebugLine %18 %uint_30 %uint_30 %uint_0 %uint_0,,,,,,,,0,,,
305,OpReturn,,,,,,,,0,,,
306,%100 = OpLabel,,,,,,,,0,,,
307,%110 = OpExtInst %void %1 DebugScope %17,,,,,,,,0,,,
308,%111 = OpExtInst %void %1 DebugLine %18 %uint_32 %uint_32 %uint_0 %uint_0,,,,,,,,0,,,
309,%109 = OpExtInst %void %1 DebugDeclare %107 %x0 %41,,,,,,,,0,,,
,"int x0 = d.x * 2, y0 = d.y * 2;",2,Selected,1,Math Pipe Throttle,1,,,0,,,9
310,%112 = OpAccessChain %_ptr_Function_int %d %uint_0,,,,,,,,0,,,
311,%113 = OpLoad %int %112,,,,,,,,0,,,
312,%115 = OpIMul %int %113 %int_2,1,Selected,1,,,,,0,1,,9
313,OpStore %x0 %115,,,,,,,,0,,,
314,%119 = OpExtInst %void %1 DebugDeclare %117 %y0 %41,,,,,,,,0,,,
315,%120 = OpAccessChain %_ptr_Function_int %d %uint_1,,,,,,,,0,,,
316,%121 = OpLoad %int %120,,,,,,,,0,,,
317,%122 = OpIMul %int %121 %int_2,1,Math Pipe Throttle,1,,,,,0,1,,8
318,OpStore %y0 %122,,,,,,,,0,,,
319,%128 = OpExtInst %void %1 DebugLine %18 %uint_33 %uint_33 %uint_0 %uint_0,,,,,,,,0,,,
320,%127 = OpExtInst %void %1 DebugDeclare %124 %x1 %41,,,,,,,,0,,,
,"int x1 = min(x0 + 1, pc.srcSize.x - 1);",7,Wait,4,Selected,3,,,0,,,9
321,%129 = OpLoad %int %x0,,,,,,,,0,,,
322,%130 = OpIAdd %int %129 %int_1,1,Selected,1,,,,,0,1,,9
323,%131 = OpAccessChain %_ptr_PushConstant_int %pc %int_2 %uint_0,,,,,,,,0,,,
324,%132 = OpLoad %int %131,,,,,,,,0,,,
325,%133 = OpISub %int %132 %int_1,4,Wait,3,Selected,1,,,0,2,,9
326,%134 = OpExtInst %int %3 SMin %130 %133,2,Selected,1,Wait,1,,,0,1,,9
327,OpStore %x1 %134,,,,,,,,0,,,
328,%140 = OpExtInst %void %1 DebugLine %18 %uint_34 %uint_34 %uint_0 %uint_0,,,,,,,,0,,,
329,%139 = OpExtInst %void %1 DebugDeclare %136 %y1 %41,,,,,,,,0,,,
,"int y1 = min(y0 + 1, pc.srcSize.y - 1);",9,Selected,3,Wait,3,Math Pipe Throttle,2,0,,,9
330,%141 = OpLoad %int %y0,,,,,,,,0,,,
331,%142 = OpIAdd %int %141 %int_1,1,Wait,1,,,,,0,1,,9
332,%143 = OpAccessChain %_ptr_PushConstant_int %pc %int_2 %uint_1,,,,,,,,0,,,
333,%144 = OpLoad %int %143,,,,,,,,0,,,
334,%145 = OpISub %int %144 %int_1,5,Selected,2,Math Pipe Throttle,2,Not Selected,1,0,1,,9
335,%146 = OpExtInst %int %3 SMin %142 %145,3,Wait,2,Selected,1,,,0,1,,9
336,OpStore %y1 %146,,,,,,,,0,,,
337,%148 = OpExtInst %void %1 DebugLine %18 %uint_35 %uint_35 %uint_0 %uint_0,,,,,,,,0,,,
,"if ((pc.srcSize.x & 1) != 0 && d.x == pc.dstSize.x - 1) x1 = min(x0 + 2, pc.srcSize.x - 1);",12,Selected,7,Wait,5,,,0,,,9
338,%147 = OpAccessChain %_ptr_PushConstant_int %pc %int_2 %uint_0,,,,,,,,0,,,
339,%150 = OpLoad %int %147,,,,,,,,0,,,
340,%151 = OpBitwiseAnd %int %150 %int_1,,,,,,,,0,,,
341,%153 = OpINotEqual %bool %151 %int_0,1,Selected,1,,,,,0,1,,9
342,OpSelectionMerge %155 None,,,,,,,,0,,,
343,OpBranchConditional %153 %154 %155,,,,,,,,0,,,
344,%154 = OpLabel,,,,,,,,0,,,
345,%157 = OpExtInst %void %1 DebugScope %17,,,,,,,,0,,,
346,%158 = OpExtInst %void %1 DebugLine %18 %uint_35 %uint_35 %uint_0 %uint_0,,,,,,,,0,,,
347,%156 = OpAccessChain %_ptr_Function_int %d %uint_0,,,,,,,,0,,,
348,%159 = OpLoad %int %156,,,,,,,,0,,,
349,%160 = OpAccessChain %_ptr_PushConstant_int %pc %int_1 %uint_0,,,,,,,,0,,,
350,%161 = OpLoad %int %160,,,,,,,,0,,,
351,%162 = OpISub %int %161 %int_1,6,Selected,3,Wait,3,,,0,2,,9
352,%163 = OpIEqual %bool %159 %162,,,,,,,,0,,,
353,OpBranch %155,2,Selected,2,,,,,0,1,,9
354,%155 = OpLabel,,,,,,,,0,,,
355,%164 = OpPhi %bool %153 %100 %163 %154,,,,,,,,0,,,
356,%167 = OpExtInst %void %1 DebugScope %17,,,,,,,,0,,,
357,%168 = OpExtInst %void %1 DebugLine %18 %uint_35 %uint_35 %uint_0 %uint_0,,,,,,,,0,,,
358,OpSelectionMerge %166 None,,,,,,,,0,,,
359,OpBranchConditional %164 %165 %166,,,,,,,,0,,,
360,%165 = OpLabel,,,,,,,,0,,,
361,%170 = OpExtInst %void %1 DebugScope %17,,,,,,,,0,,,
362,%171 = OpExtInst %void %1 DebugLine %18 %uint_35 %uint_35 %uint_0 %uint_0,,,,,,,,0,,,
363,%169 = OpLoad %int %x0,,,,,,,,0,,,
364,%172 = OpIAdd %int %169 %int_2,3,Wait,2,Selected,1,,,0,1,,9
365,%173 = OpAccessChain %_ptr_PushConstant_int %pc %int_2 %uint_0,,,,,,,,0,,,
366,%174 = OpLoad %int %173,,,,,,,,0,,,
367,%175 = OpISub %int %174 %int_1,,,,,,,,0,,,
368,%176 = OpExtInst %int %3 SMin %172 %175,,,,,,,,0,2,,9
369,OpStore %x1 %176,,,,,,,,0,,,
370,OpBranch %166,,,,,,,,0,,,
371,%166 = OpLabel,,,,,,,,0,,,
372,%178 = OpExtInst %void %1 DebugScope %17,,,,,,,,0,,,
373,%179 = OpExtInst %void %1 DebugLine %18 %uint_36 %uint_36 %uint_0 %uint_0,,,,,,,,0,,,
,"if ((pc.srcSize.y & 1) != 0 && d.y == pc.dstSize.y - 1) y1 = min(y0 + 2, pc.srcSize.y - 1);",101,Wait,50,Math Pipe Throttle,18,Not Selected,16,0,,,9
374,%177 = OpAccessChain %_ptr_PushConstant_int %pc %int_2 %uint_1,,,,,,,,0,,,
375,%181 = OpLoad %int %177,,,,,,,,0,,,
376,%182 = OpBitwiseAnd %int %181 %int_1,,,,,,,,0,,,
377,%183 = OpINotEqual %bool %182 %int_0,38,Wait,24,Immediate Constant Cache Miss,11,Selected,3,20.94736842105263,2,,8
378,OpSelectionMerge %185 None,,,,,,,,0,,,
379,OpBranchConditional %183 %184 %185,,,,,,,,0,,,
380,%184 = OpLabel,,,,,,,,0,,,
381,%187 = OpExtInst %void %1 DebugScope %17,,,,,,,,0,,,
382,%188 = OpExtInst %void %1 DebugLine %18 %uint_36 %uint_36 %uint_0 %uint_0,,,,,,,,0,,,
383,%186 = OpAccessChain %_ptr_Function_int %d %uint_1,,,,,,,,0,,,
384,%189 = OpLoad %int %186,,,,,,,,0,,,
385,%190 = OpAccessChain %_ptr_PushConstant_int %pc %int_1 %uint_1,,,,,,,,0,,,
386,%191 = OpLoad %int %190,,,,,,,,0,,,
387,%192 = OpISub %int %191 %int_1,45,Math Pipe Throttle,16,Not Selected,14,Wait,14,20.6,2,,9
388,%193 = OpIEqual %bool %189 %192,,,,,,,,0,,,
389,OpBranch %185,1,Wait,1,,,,,0,1,,9
390,%185 = OpLabel,,,,,,,,0,,,
391,%194 = OpPhi %bool %183 %166 %193 %184,,,,,,,,0,,,
392,%197 = OpExtInst %void %1 DebugScope %17,,,,,,,,0,,,
393,%198 = OpExtInst %void %1 DebugLine %18 %uint_36 %uint_36 %uint_0 %uint_0,,,,,,,,0,,,
394,OpSelectionMerge %196 None,,,,,,,,0,,,
395,OpBranchConditional %194 %195 %196,,,,,,,,0,,,
396,%195 = OpLabel,,,,,,,,0,,,
397,%200 = OpExtInst %void %1 DebugScope %17,,,,,,,,0,,,
398,%201 = OpExtInst %void %1 DebugLine %18 %uint_36 %uint_36 %uint_0 %uint_0,,,,,,,,0,,,
399,%199 = OpLoad %int %y0,,,,,,,,0,,,
400,%202 = OpIAdd %int %199 %int_2,17,Wait,11,Not Selected,2,Selected,2,8,1,,9
401,%203 = OpAccessChain %_ptr_PushConstant_int %pc %int_2 %uint_1,,,,,,,,0,,,
402,%204 = OpLoad %int %203,,,,,,,,0,,,
403,%205 = OpISub %int %204 %int_1,,,,,,,,0,,,
404,%206 = OpExtInst %int %3 SMin %202 %205,,,,,,,,0,1,,9
405,OpStore %y1 %206,,,,,,,,0,,,
406,OpBranch %196,,,,,,,,0,,,
407,%196 = OpLabel,,,,,,,,0,,,
408,%217 = OpExtInst %void %1 DebugScope %17,,,,,,,,0,,,
409,%218 = OpExtInst %void %1 DebugLine %18 %uint_38 %uint_38 %uint_0 %uint_0,,,,,,,,0,,,
410,%216 = OpExtInst %void %1 DebugDeclare %213 %maxd %41,,,,,,,,0,,,
,float maxd = 0.0;,,,,,,,,0,,,
411,OpStore %maxd %float_0,,,,,,,,0,,,
412,%223 = OpExtInst %void %1 DebugLine %18 %uint_39 %uint_39 %uint_0 %uint_0,,,,,,,,0,,,
,if (isReduce) {,,,,,,,,,,,
413,OpSelectionMerge %222 None,,,,,,,,0,,,
414,OpBranchConditional %isReduce %221 %336,,,,,,,,0,,,
415,%221 = OpLabel,,,,,,,,0,,,
416,%232 = OpExtInst %void %1 DebugScope %225,,,,,,,,0,,,
417,%233 = OpExtInst %void %1 DebugLine %18 %uint_40 %uint_40 %uint_0 %uint_0,,,,,,,,0,,,
418,%231 = OpExtInst %void %1 DebugDeclare %229 %samples %41,,,,,,,,0,,,
,int samples = textureSamples(uDepth);,627,Texture Throttle,570,Immediate Constant Cache Miss,40,Not Selected,7,0,,,8
419,%248 = OpLoad %239 %uDepth,,,,,,,,0,,,
420,%249 = OpImage %234 %248,,,,,,,,0,,,
421,%250 = OpImageQuerySamples %int %249,627,Texture Throttle,570,Immediate Constant Cache Miss,40,Not Selected,7,295.42424242424244,1,1592,8
422,OpStore %samples %250,,,,,,,,0,,,
423,%256 = OpExtInst %void %1 DebugLine %18 %uint_41 %uint_41 %uint_0 %uint_0,,,,,,,,0,,,
424,%255 = OpExtInst %void %1 DebugDeclare %252 %y %41,,,,,,,,0,,,
,for (int y = y0; y <= y1; ++y),51,Wait,43,Selected,8,,,0,,,9
425,%257 = OpLoad %int %y0,,,,,,,,0,,,
426,OpStore %y %257,,,,,,,,0,,,
427,OpBranch %258,,,,,,,,0,,,
428,%258 = OpLabel,,,,,,,,0,,,
429,%262 = OpExtInst %void %1 DebugScope %225,,,,,,,,0,,,
430,%263 = OpExtInst %void %1 DebugLine %18 %uint_41 %uint_41 %uint_0 %uint_0,,,,,,,,0,,,
431,OpLoopMerge %260 %261 None,,,,,,,,0,,,
432,OpBranch %264,,,,,,,,0,,,
433,%264 = OpLabel,,,,,,,,0,,,
434,%266 = OpExtInst %void %1 DebugScope %225,,,,,,,,0,,,
435,%267 = OpExtInst %void %1 DebugLine %18 %uint_41 %uint_41 %uint_0 %uint_0,,,,,,,,0,,,
436,%265 = OpLoad %int %y,,,,,,,,0,,,
437,%268 = OpLoad %int %y1,,,,,,,,0,,,
438,%269 = OpSLessThanEqual %bool %265 %268,10,Wait,7,Selected,3,,,5,4,,9
439,OpBranchConditional %269 %259 %260,41,Wait,36,Selected,5,,,14,2,,8
440,%259 = OpLabel,,,,,,,,0,,,
441,%275 = OpExtInst %void %1 DebugScope %225,,,,,,,,0,,,
442,%276 = OpExtInst %void %1 DebugLine %18 %uint_42 %uint_42 %uint_0 %uint_0,,,,,,,,0,,,
443,%274 = OpExtInst %void %1 DebugDeclare %271 %x %41,,,,,,,,0,,,
,for (int x = x0; x <= x1; ++x),1788,Long Scoreboard,1592,Wait,148,Selected,34,0,,,9
444,%277 = OpLoad %int %x0,,,,,,,,0,,,
445,OpStore %x %277,,,,,,,,0,,,
446,OpBranch %278,,,,,,,,0,,,
447,%278 = OpLabel,,,,,,,,0,,,
448,%282 = OpExtInst %void %1 DebugScope %225,,,,,,,,0,,,
449,%283 = OpExtInst %void %1 DebugLine %18 %uint_42 %uint_42 %uint_0 %uint_0,,,,,,,,0,,,
450,OpLoopMerge %280 %281 None,,,,,,,,0,,,
451,OpBranch %284,,,,,,,,0,,,
452,%284 = OpLabel,,,,,,,,0,,,
453,%286 = OpExtInst %void %1 DebugScope %225,,,,,,,,0,,,
454,%287 = OpExtInst %void %1 DebugLine %18 %uint_42 %uint_42 %uint_0 %uint_0,,,,,,,,0,,,
455,%285 = OpLoad %int %x,,,,,,,,0,,,
456,%288 = OpLoad %int %x1,,,,,,,,0,,,
457,%289 = OpSLessThanEqual %bool %285 %288,48,Wait,27,Selected,7,No Instructions,6,25,2,,9
458,OpBranchConditional %289 %279 %280,1740,Long Scoreboard,1592,Wait,121,Selected,27,625,5,,9
459,%279 = OpLabel,,,,,,,,0,,,
460,%295 = OpExtInst %void %1 DebugScope %225,,,,,,,,0,,,
461,%296 = OpExtInst %void %1 DebugLine %18 %uint_43 %uint_43 %uint_0 %uint_0,,,,,,,,0,,,
462,%294 = OpExtInst %void %1 DebugDeclare %291 %s %41,,,,,,,,0,,,
,for (int s = 0; s < samples; ++s),715,Wait,580,Selected,117,Branch Resolving,9,0,,,11
463,OpStore %s %int_0,,,,,,,,0,,,
464,OpBranch %297,,,,,,,,0,,,
465,%297 = OpLabel,,,,,,,,0,,,
466,%301 = OpExtInst %void %1 DebugScope %225,,,,,,,,0,,,
467,%302 = OpExtInst %void %1 DebugLine %18 %uint_43 %uint_43 %uint_0 %uint_0,,,,,,,,0,,,
468,OpLoopMerge %299 %300 None,,,,,,,,0,,,
469,OpBranch %303,,,,,,,,0,,,
470,%303 = OpLabel,,,,,,,,0,,,
471,%305 = OpExtInst %void %1 DebugScope %225,,,,,,,,0,,,
472,%306 = OpExtInst %void %1 DebugLine %18 %uint_43 %uint_43 %uint_0 %uint_0,,,,,,,,0,,,
473,%304 = OpLoad %int %s,,,,,,,,0,,,
474,%307 = OpLoad %int %samples,,,,,,,,0,,,
475,%308 = OpSLessThan %bool %304 %307,276,Wait,193,Selected,65,Branch Resolving,9,125,7,,11
476,OpBranchConditional %308 %298 %299,439,Wait,387,Selected,52,,,213,7,,11
477,%298 = OpLabel,,,,,,,,0,,,
478,%310 = OpExtInst %void %1 DebugScope %225,,,,,,,,0,,,
479,%311 = OpExtInst %void %1 DebugLine %18 %uint_44 %uint_44 %uint_0 %uint_0,,,,,,,,0,,,
,"maxd = max(maxd, texelFetch(uDepth, ivec2(x, y), s).r);",50909,Long Scoreboard,41862,Texture Throttle,8611,Wait,223,0,,,16
480,%309 = OpLoad %float %maxd,,,,,,,,0,,,
481,%313 = OpLoad %239 %uDepth,,,,,,,,0,,,
482,%314 = OpLoad %int %x,,,,,,,,0,,,
483,%315 = OpLoad %int %y,,,,,,,,0,,,
484,%316 = OpCompositeConstruct %v2int %314 %315,,,,,,,,0,,,
485,%317 = OpLoad %int %s,,,,,,,,0,,,
486,%318 = OpImage %234 %313,,,,,,,,0,,,
487,%321 = OpImageFetch %v4float %318 %316 Sample %317,8753,Texture Throttle,8611,Selected,63,Wait,42,3125,8,116801,16
488,%322 = OpCompositeExtract %float %321 0,,,,,,,,0,,,
489,%323 = OpExtInst %float %3 FMax %309 %322,42156,Long Scoreboard,41862,Wait,181,Selected,63,15625,8,,15
490,OpStore %maxd %323,,,,,,,,0,,,
491,OpBranch %300,,,,,,,,0,,,
492,%300 = OpLabel,,,,,,,,0,,,
493,%325 = OpExtInst %void %1 DebugScope %225,,,,,,,,0,,,
494,%326 = OpExtInst %void %1 DebugLine %18 %uint_43 %uint_43 %uint_0 %uint_0,,,,,,,,0,,,
,for (int s = 0; s < samples; ++s),857,Long Scoreboard,609,Selected,103,Wait,91,0,,,15
495,%324 = OpLoad %int %s,,,,,,,,0,,,
496,%327 = OpIAdd %int %324 %int_1,857,Long Scoreboard,609,Selected,103,Wait,91,365,8,,15
497,OpStore %s %327,,,,,,,,0,,,
498,OpBranch %297,,,,,,,,0,,,
499,%299 = OpLabel,,,,,,,,0,,,
500,OpBranch %281,,,,,,,,0,,,
501,%281 = OpLabel,,,,,,,,0,,,
502,%329 = OpExtInst %void %1 DebugScope %225,,,,,,,,0,,,
503,%330 = OpExtInst %void %1 DebugLine %18 %uint_42 %uint_42 %uint_0 %uint_0,,,,,,,,0,,,
,for (int x = x0; x <= x1; ++x),34,Branch Resolving,17,No Instructions,17,,,0,,,9
504,%328 = OpLoad %int %x,,,,,,,,0,,,
505,%331 = OpIAdd %int %328 %int_1,34,Branch Resolving,17,No Instructions,17,,,11.882352941176471,1,,9
506,OpStore %x %331,,,,,,,,0,,,
507,OpBranch %278,,,,,,,,0,,,
508,%280 = OpLabel,,,,,,,,0,,,
509,OpBranch %261,,,,,,,,0,,,
510,%261 = OpLabel,,,,,,,,0,,,
511,%333 = OpExtInst %void %1 DebugScope %225,,,,,,,,0,,,
512,%334 = OpExtInst %void %1 DebugLine %18 %uint_41 %uint_41 %uint_0 %uint_0,,,,,,,,0,,,
,for (int y = y0; y <= y1; ++y),92,Wait,58,Branch Resolving,20,Selected,14,0,,,8
513,%332 = OpLoad %int %y,,,,,,,,0,,,
514,%335 = OpIAdd %int %332 %int_1,92,Wait,58,Branch Resolving,20,Selected,14,42,2,,8
515,OpStore %y %335,,,,,,,,0,,,
516,OpBranch %258,,,,,,,,0,,,
517,%260 = OpLabel,,,,,,,,0,,,
518,OpBranch %222,,,,,,,,0,,,
519,%336 = OpLabel,,,,,,,,0,,,
520,%342 = OpExtInst %void %1 DebugScope %337,,,,,,,,0,,,
521,%343 = OpExtInst %void %1 DebugLine %18 %uint_46 %uint_46 %uint_0 %uint_0,,,,,,,,0,,,
522,%341 = OpExtInst %void %1 DebugDeclare %340 %y_0 %41,,,,,,,,0,,,
,for (int y = y0; y <= y1; ++y),,,,,,,,,,,
523,%344 = OpLoad %int %y0,,,,,,,,0,,,
524,OpStore %y_0 %344,,,,,,,,0,,,
525,OpBranch %345,,,,,,,,0,,,
526,%345 = OpLabel,,,,,,,,0,,,
527,%349 = OpExtInst %void %1 DebugScope %337,,,,,,,,0,,,
528,%350 = OpExtInst %void %1 DebugLine %18 %uint_46 %uint_46 %uint_0 %uint_0,,,,,,,,0,,,
529,OpLoopMerge %347 %348 None,,,,,,,,0,,,
530,OpBranch %351,,,,,,,,0,,,
531,%351 = OpLabel,,,,,,,,0,,,
532,%353 = OpExtInst %void %1 DebugScope %337,,,,,,,,0,,,
533,%354 = OpExtInst %void %1 DebugLine %18 %uint_46 %uint_46 %uint_0 %uint_0,,,,,,,,0,,,
534,%352 = OpLoad %int %y_0,,,,,,,,0,,,
535,%355 = OpLoad %int %y1,,,,,,,,0,,,
536,%356 = OpSLessThanEqual %bool %352 %355,,,,,,,,0,,,
537,OpBranchConditional %356 %346 %347,,,,,,,,0,,,
538,%346 = OpLabel,,,,,,,,0,,,
539,%361 = OpExtInst %void %1 DebugScope %337,,,,,,,,0,,,
540,%362 = OpExtInst %void %1 DebugLine %18 %uint_47 %uint_47 %uint_0 %uint_0,,,,,,,,0,,,
541,%360 = OpExtInst %void %1 DebugDeclare %358 %x_0 %41,,,,,,,,0,,,
,for (int x = x0; x <= x1; ++x),,,,,,,,,,,
542,%363 = OpLoad %int %x0,,,,,,,,0,,,
543,OpStore %x_0 %363,,,,,,,,0,,,
544,OpBranch %364,,,,,,,,0,,,
545,%364 = OpLabel,,,,,,,,0,,,
546,%368 = OpExtInst %void %1 DebugScope %337,,,,,,,,0,,,
547,%369 = OpExtInst %void %1 DebugLine %18 %uint_47 %uint_47 %uint_0 %uint_0,,,,,,,,0,,,
548,OpLoopMerge %366 %367 None,,,,,,,,0,,,
549,OpBranch %370,,,,,,,,0,,,
550,%370 = OpLabel,,,,,,,,0,,,
551,%372 = OpExtInst %void %1 DebugScope %337,,,,,,,,0,,,
552,%373 = OpExtInst %void %1 DebugLine %18 %uint_47 %uint_47 %uint_0 %uint_0,,,,,,,,0,,,
553,%371 = OpLoad %int %x_0,,,,,,,,0,,,
554,%374 = OpLoad %int %x1,,,,,,,,0,,,
555,%375 = OpSLessThanEqual %bool %371 %374,,,,,,,,0,,,
556,OpBranchConditional %375 %365 %366,,,,,,,,0,,,
557,%365 = OpLabel,,,,,,,,0,,,
558,%377 = OpExtInst %void %1 DebugScope %337,,,,,,,,0,,,
559,%378 = OpExtInst %void %1 DebugLine %18 %uint_48 %uint_48 %uint_0 %uint_0,,,,,,,,0,,,
,"maxd = max(maxd, texelFetch(uPyramid, ivec2(x, y), pc.srcMip).r);",,,,,,,,,,,
560,%376 = OpLoad %float %maxd,,,,,,,,0,,,
561,%389 = OpLoad %382 %uPyramid,,,,,,,,0,,,
562,%390 = OpLoad %int %x_0,,,,,,,,0,,,
563,%391 = OpLoad %int %y_0,,,,,,,,0,,,
564,%392 = OpCompositeConstruct %v2int %390 %391,,,,,,,,0,,,
565,%393 = OpAccessChain %_ptr_PushConstant_int %pc %int_0,,,,,,,,0,,,
566,%394 = OpLoad %int %393,,,,,,,,0,,,
567,%395 = OpImage %380 %389,,,,,,,,0,,,
568,%396 = OpImageFetch %v4float %395 %392 Lod %394,,,,,,,,0,,,
569,%397 = OpCompositeExtract %float %396 0,,,,,,,,0,,,
570,%398 = OpExtInst %float %3 FMax %376 %397,,,,,,,,0,,,
571,OpStore %maxd %398,,,,,,,,0,,,
572,OpBranch %367,,,,,,,,0,,,
573,%367 = OpLabel,,,,,,,,0,,,
574,%400 = OpExtInst %void %1 DebugScope %337,,,,,,,,0,,,
575,%401 = OpExtInst %void %1 DebugLine %18 %uint_47 %uint_47 %uint_0 %uint_0,,,,,,,,0,,,
,for (int x = x0; x <= x1; ++x),,,,,,,,,,,
576,%399 = OpLoad %int %x_0,,,,,,,,0,,,
577,%402 = OpIAdd %int %399 %int_1,,,,,,,,0,,,
578,OpStore %x_0 %402,,,,,,,,0,,,
579,OpBranch %364,,,,,,,,0,,,
580,%366 = OpLabel,,,,,,,,0,,,
581,OpBranch %348,,,,,,,,0,,,
582,%348 = OpLabel,,,,,,,,0,,,
583,%404 = OpExtInst %void %1 DebugScope %337,,,,,,,,0,,,
584,%405 = OpExtInst %void %1 DebugLine %18 %uint_46 %uint_46 %uint_0 %uint_0,,,,,,,,0,,,
,for (int y = y0; y <= y1; ++y),,,,,,,,,,,
585,%403 = OpLoad %int %y_0,,,,,,,,0,,,
586,%406 = OpIAdd %int %403 %int_1,,,,,,,,0,,,
587,OpStore %y_0 %406,,,,,,,,0,,,
588,OpBranch %345,,,,,,,,0,,,
589,%347 = OpLabel,,,,,,,,0,,,
590,OpBranch %222,,,,,,,,0,,,
591,%222 = OpLabel,,,,,,,,0,,,
592,%416 = OpExtInst %void %1 DebugScope %17,,,,,,,,0,,,
593,%417 = OpExtInst %void %1 DebugLine %18 %uint_50 %uint_50 %uint_0 %uint_0,,,,,,,,0,,,
,"imageStore(uMip, d, vec4(maxd, 0.0, 0.0, 0.0));",64,Texture Throttle,28,Wait,17,Branch Resolving,11,0,,,6
594,%415 = OpLoad %407 %uMip,11,Wait,10,Selected,1,,,8,1,,3
595,%418 = OpLoad %v2int %d,,,,,,,,0,,,
596,%419 = OpLoad %float %maxd,,,,,,,,0,,,
597,%420 = OpCompositeConstruct %v4float %419 %float_0 %float_0 %float_0,,,,,,,,0,,,
598,OpImageWrite %415 %418 %420,53,Texture Throttle,28,Branch Resolving,11,Selected,7,25,3,,6
599,%421 = OpExtInst %void %1 DebugLine %18 %uint_51 %uint_51 %uint_0 %uint_0,,,,,,,,0,,,
,},626,Miscellaneous,580,Wait,34,Branch Resolving,7,0,,,1
600,OpReturn,626,Miscellaneous,580,Wait,34,Branch Resolving,7,213,13,,1
601,OpFunctionEnd,,,,,,,,0,,,
602,,,,,,,,,0,,,
