Event,Frame,Description,GPU Start,GPU End,GPU Duration,Separate Context Overlap
0 - 158,,Vulkan Graphics Q:0,,,,
0 - 157,0,"vkQueueSubmit(uint32_t submitCount = 2, const VkSubmitInfo* pSubmits = { { .pNext = { .waitSemaphoreValueCount = 2, .pWaitSemaphoreValues = { 3103, 3104 }, .signalSemaphoreValueCount = 1, .pSignalSemaphoreValues = { 3105 } }, .waitSemaphoreCount = 2, .pWaitSemaphores = { '0x00005aecf04a4ff0', '0x00005aecf04a0110' }, .pWaitDstStageMask = { VK_PIPELINE_STAGE_COMPUTE_SHADER_BIT, VK_PIPELINE_STAGE_TRANSFER_BIT }, .commandBufferCount = 1, .pCommandBuffers = { '0x00005aecf058b910' }, .signalSemaphoreCount = 1, .pSignalSemaphores = { '0x00005aecf04a0910' } }, { .pNext = { .waitSemaphoreValueCount = 3, .pWaitSemaphoreValues = { 0, 3103, 3105 }, .signalSemaphoreValueCount = 2, .pSignalSemaphoreValues = { 0, 3105 } }, .waitSemaphoreCount = 3, .pWaitSemaphores = { '0x00005aecefffb420', '0x00005aecf04a4ff0', '0x00005aecf04a0110' }, .pWaitDstStageMask = { VK_PIPELINE_STAGE_COLOR_ATTACHMENT_OUTPUT_BIT, VK_PIPELINE_STAGE_EARLY_FRAGMENT_TESTS_BIT | VK_PIPELINE_STAGE_TASK_SHADER_BIT_EXT, VK_PIPELINE_STAGE_FRAGMENT_SHADER_BIT }, .commandBufferCount = 1, .pCommandBuffers = { '0x00005aecf0587970' }, .signalSemaphoreCount = 2, .pSignalSemaphores = { '0x00005aecefe14280', '0x00005aecf02a1a20' } } }, VkFence fence = '0x00005aecf04c09a0')",0.02ms,2.68ms,2.66ms,
1 - 17,0,VkCommandBuffer (0),0.03ms,0.13ms,0.09ms,
1,0,"vkCmdBindPipeline(VkPipelineBindPoint pipelineBindPoint = VK_PIPELINE_BIND_POINT_COMPUTE, VkPipeline pipeline = '0x00005aecef5c89d0')",,,,
2,0,"vkCmdBindDescriptorSets(VkPipelineBindPoint pipelineBindPoint = VK_PIPELINE_BIND_POINT_COMPUTE, VkPipelineLayout layout = '0x00005aeceffe08c0', uint32_t firstSet = 0, uint32_t descriptorSetCount = 1, const VkDescriptorSet* pDescriptorSets = { '0x00005aecf05389a0' }, uint32_t dynamicOffsetCount = 0, const uint32_t* pDynamicOffsets = {})",,,,
3,0,"vkCmdDispatch(uint32_t groupCountX = 1, uint32_t groupCountY = 1, uint32_t groupCountZ = 1)",0.03ms,0.05ms,0.01ms,
4,0,"vkCmdPipelineBarrier(VkPipelineStageFlags srcStageMask = VK_PIPELINE_STAGE_COMPUTE_SHADER_BIT, VkPipelineStageFlags dstStageMask = VK_PIPELINE_STAGE_COMPUTE_SHADER_BIT, VkDependencyFlags dependencyFlags = , uint32_t memoryBarrierCount = 1, const VkMemoryBarrier* pMemoryBarriers = { { .srcAccessMask = VK_ACCESS_SHADER_WRITE_BIT, .dstAccessMask = VK_ACCESS_SHADER_READ_BIT | VK_ACCESS_SHADER_WRITE_BIT } }, uint32_t bufferMemoryBarrierCount = 0, const VkBufferMemoryBarrier* pBufferMemoryBarriers = {}, uint32_t imageMemoryBarrierCount = 0, const VkImageMemoryBarrier* pImageMemoryBarriers = {})",0.05ms,0.05ms,<0.01ms,
5,0,"vkCmdBindPipeline(VkPipelineBindPoint pipelineBindPoint = VK_PIPELINE_BIND_POINT_COMPUTE, VkPipeline pipeline = '0x00005aecefc32bc0')",,,,
6,0,"vkCmdBindDescriptorSets(VkPipelineBindPoint pipelineBindPoint = VK_PIPELINE_BIND_POINT_COMPUTE, VkPipelineLayout layout = '0x00005aecf01a9ce0', uint32_t firstSet = 0, uint32_t descriptorSetCount = 1, const VkDescriptorSet* pDescriptorSets = { '0x00005aecf0539e70' }, uint32_t dynamicOffsetCount = 0, const uint32_t* pDynamicOffsets = {})",,,,
7,0,"vkCmdDispatch(uint32_t groupCountX = 2, uint32_t groupCountY = 1, uint32_t groupCountZ = 1)",0.05ms,0.05ms,<0.01ms,
8,0,"vkCmdBindPipeline(VkPipelineBindPoint pipelineBindPoint = VK_PIPELINE_BIND_POINT_COMPUTE, VkPipeline pipeline = '0x00005aeceff70e00')",,,,
9,0,"vkCmdBindDescriptorSets(VkPipelineBindPoint pipelineBindPoint = VK_PIPELINE_BIND_POINT_COMPUTE, VkPipelineLayout layout = '0x00005aecf01572e0', uint32_t firstSet = 0, uint32_t descriptorSetCount = 1, const VkDescriptorSet* pDescriptorSets = { '0x00005aecf0551f78' }, uint32_t dynamicOffsetCount = 0, const uint32_t* pDynamicOffsets = {})",,,,
10,0,"vkCmdDispatch(uint32_t groupCountX = 1, uint32_t groupCountY = 1, uint32_t groupCountZ = 1)",0.05ms,0.06ms,<0.01ms,
11,0,"vkCmdPipelineBarrier(VkPipelineStageFlags srcStageMask = VK_PIPELINE_STAGE_COMPUTE_SHADER_BIT, VkPipelineStageFlags dstStageMask = VK_PIPELINE_STAGE_FRAGMENT_SHADER_BIT | VK_PIPELINE_STAGE_COMPUTE_SHADER_BIT | VK_PIPELINE_STAGE_TASK_SHADER_BIT_EXT | VK_PIPELINE_STAGE_MESH_SHADER_BIT_EXT, VkDependencyFlags dependencyFlags = , uint32_t memoryBarrierCount = 1, const VkMemoryBarrier* pMemoryBarriers = { { .srcAccessMask = VK_ACCESS_SHADER_WRITE_BIT, .dstAccessMask = VK_ACCESS_SHADER_READ_BIT } }, uint32_t bufferMemoryBarrierCount = 0, const VkBufferMemoryBarrier* pBufferMemoryBarriers = {}, uint32_t imageMemoryBarrierCount = 0, const VkImageMemoryBarrier* pImageMemoryBarriers = {})",0.06ms,0.06ms,<0.01ms,
12,0,"vkCmdFillBuffer(VkBuffer dstBuffer = '0x00005aeceff96b70', VkDeviceSize dstOffset = 0, VkDeviceSize size = 200, uint32_t data = 0)",0.06ms,0.06ms,<0.01ms,
13,0,"vkCmdPipelineBarrier(VkPipelineStageFlags srcStageMask = VK_PIPELINE_STAGE_TRANSFER_BIT, VkPipelineStageFlags dstStageMask = VK_PIPELINE_STAGE_COMPUTE_SHADER_BIT, VkDependencyFlags dependencyFlags = , uint32_t memoryBarrierCount = 1, const VkMemoryBarrier* pMemoryBarriers = { { .srcAccessMask = VK_ACCESS_TRANSFER_WRITE_BIT, .dstAccessMask = VK_ACCESS_SHADER_READ_BIT | VK_ACCESS_SHADER_WRITE_BIT } }, uint32_t bufferMemoryBarrierCount = 0, const VkBufferMemoryBarrier* pBufferMemoryBarriers = {}, uint32_t imageMemoryBarrierCount = 0, const VkImageMemoryBarrier* pImageMemoryBarriers = {})",0.06ms,0.06ms,<0.01ms,
14,0,"vkCmdBindPipeline(VkPipelineBindPoint pipelineBindPoint = VK_PIPELINE_BIND_POINT_COMPUTE, VkPipeline pipeline = '0x00005aeceff39ac0')",,,,
15,0,"vkCmdBindDescriptorSets(VkPipelineBindPoint pipelineBindPoint = VK_PIPELINE_BIND_POINT_COMPUTE, VkPipelineLayout layout = '0x00005aeceff5e650', uint32_t firstSet = 0, uint32_t descriptorSetCount = 1, const VkDescriptorSet* pDescriptorSets = { '0x00005aecf0537f38' }, uint32_t dynamicOffsetCount = 0, const uint32_t* pDynamicOffsets = {})",,,,
16,0,"vkCmdDispatch(uint32_t groupCountX = 1, uint32_t groupCountY = 1, uint32_t groupCountZ = 1)",0.06ms,0.12ms,0.06ms,
17,0,"vkCmdPipelineBarrier(VkPipelineStageFlags srcStageMask = VK_PIPELINE_STAGE_COMPUTE_SHADER_BIT, VkPipelineStageFlags dstStageMask = VK_PIPELINE_STAGE_DRAW_INDIRECT_BIT | VK_PIPELINE_STAGE_COMPUTE_SHADER_BIT | VK_PIPELINE_STAGE_TASK_SHADER_BIT_EXT | VK_PIPELINE_STAGE_MESH_SHADER_BIT_EXT, VkDependencyFlags dependencyFlags = , uint32_t memoryBarrierCount = 1, const VkMemoryBarrier* pMemoryBarriers = { { .srcAccessMask = VK_ACCESS_SHADER_WRITE_BIT, .dstAccessMask = VK_ACCESS_INDIRECT_COMMAND_READ_BIT | VK_ACCESS_SHADER_READ_BIT | VK_ACCESS_SHADER_WRITE_BIT } }, uint32_t bufferMemoryBarrierCount = 0, const VkBufferMemoryBarrier* pBufferMemoryBarriers = {}, uint32_t imageMemoryBarrierCount = 0, const VkImageMemoryBarrier* pImageMemoryBarriers = {})",0.12ms,0.13ms,<0.01ms,
18 - 157,0,VkCommandBuffer (1),0.19ms,2.68ms,2.49ms,
18,0,"vkCmdPipelineBarrier(VkPipelineStageFlags srcStageMask = VK_PIPELINE_STAGE_TOP_OF_PIPE_BIT, VkPipelineStageFlags dstStageMask = VK_PIPELINE_STAGE_COLOR_ATTACHMENT_OUTPUT_BIT, VkDependencyFlags dependencyFlags = , uint32_t memoryBarrierCount = 0, const VkMemoryBarrier* pMemoryBarriers = {}, uint32_t bufferMemoryBarrierCount = 0, const VkBufferMemoryBarrier* pBufferMemoryBarriers = {}, uint32_t imageMemoryBarrierCount = 1, const VkImageMemoryBarrier* pImageMemoryBarriers = { { .srcAccessMask = VK_ACCESS_NONE, .dstAccessMask = VK_ACCESS_COLOR_ATTACHMENT_WRITE_BIT, .oldLayout = VK_IMAGE_LAYOUT_UNDEFINED, .newLayout = VK_IMAGE_LAYOUT_COLOR_ATTACHMENT_OPTIMAL, .srcQueueFamilyIndex = 4294967295, .dstQueueFamilyIndex = 4294967295, .image = '0x00005aecef9c3ac0' } })",0.19ms,0.19ms,<0.01ms,
19,0,"vkCmdPipelineBarrier(VkPipelineStageFlags srcStageMask = VK_PIPELINE_STAGE_FRAGMENT_SHADER_BIT | VK_PIPELINE_STAGE_EARLY_FRAGMENT_TESTS_BIT | VK_PIPELINE_STAGE_LATE_FRAGMENT_TESTS_BIT, VkPipelineStageFlags dstStageMask = VK_PIPELINE_STAGE_EARLY_FRAGMENT_TESTS_BIT | VK_PIPELINE_STAGE_LATE_FRAGMENT_TESTS_BIT | VK_PIPELINE_STAGE_COLOR_ATTACHMENT_OUTPUT_BIT, VkDependencyFlags dependencyFlags = , uint32_t memoryBarrierCount = 0, const VkMemoryBarrier* pMemoryBarriers = {}, uint32_t bufferMemoryBarrierCount = 0, const VkBufferMemoryBarrier* pBufferMemoryBarriers = {}, uint32_t imageMemoryBarrierCount = 3, const VkImageMemoryBarrier* pImageMemoryBarriers = { { .srcAccessMask = VK_ACCESS_NONE, .dstAccessMask = VK_ACCESS_COLOR_ATTACHMENT_WRITE_BIT, .oldLayout = VK_IMAGE_LAYOUT_SHADER_READ_ONLY_OPTIMAL, .newLayout = VK_IMAGE_LAYOUT_COLOR_ATTACHMENT_OPTIMAL, .srcQueueFamilyIndex = 4294967295, .dstQueueFamilyIndex = 4294967295, .image = '0x00005aecf01e58e0' }, { .srcAccessMask = VK_ACCESS_NONE, .dstAccessMask = VK_ACCESS_COLOR_ATTACHMENT_WRITE_BIT, .oldLayout = VK_IMAGE_LAYOUT_UNDEFINED, .newLayout = VK_IMAGE_LAYOUT_COLOR_ATTACHMENT_OPTIMAL, .srcQueueFamilyIndex = 4294967295, .dstQueueFamilyIndex = 4294967295, .image = '0x00005aecf02a0220' }, { .srcAccessMask = VK_ACCESS_DEPTH_STENCIL_ATTACHMENT_WRITE_BIT, .dstAccessMask = VK_ACCESS_DEPTH_STENCIL_ATTACHMENT_READ_BIT | VK_ACCESS_DEPTH_STENCIL_ATTACHMENT_WRITE_BIT, .oldLayout = VK_IMAGE_LAYOUT_UNDEFINED, .newLayout = VK_IMAGE_LAYOUT_DEPTH_STENCIL_ATTACHMENT_OPTIMAL, .srcQueueFamilyIndex = 4294967295, .dstQueueFamilyIndex = 4294967295, .image = '0x00005aecf02f9490' } })",0.19ms,0.20ms,<0.01ms,
20,0,"vkCmdBindPipeline(VkPipelineBindPoint pipelineBindPoint = VK_PIPELINE_BIND_POINT_GRAPHICS, VkPipeline pipeline = '0x00005aecf027abe0')",,,,
21,0,"vkCmdBindDescriptorSets(VkPipelineBindPoint pipelineBindPoint = VK_PIPELINE_BIND_POINT_GRAPHICS, VkPipelineLayout layout = '0x00005aecefa8e9a0', uint32_t firstSet = 0, uint32_t descriptorSetCount = 1, const VkDescriptorSet* pDescriptorSets = { '0x00005aecf0536de0' }, uint32_t dynamicOffsetCount = 0, const uint32_t* pDynamicOffsets = {})",,,,
22,0,"vkCmdBindDescriptorSets(VkPipelineBindPoint pipelineBindPoint = VK_PIPELINE_BIND_POINT_GRAPHICS, VkPipelineLayout layout = '0x00005aecefa8e9a0', uint32_t firstSet = 1, uint32_t descriptorSetCount = 1, const VkDescriptorSet* pDescriptorSets = { '0x00005aecefa4f480' }, uint32_t dynamicOffsetCount = 0, const uint32_t* pDynamicOffsets = {})",,,,
23,0,"vkCmdBindDescriptorSets(VkPipelineBindPoint pipelineBindPoint = VK_PIPELINE_BIND_POINT_GRAPHICS, VkPipelineLayout layout = '0x00005aecefa8e9a0', uint32_t firstSet = 2, uint32_t descriptorSetCount = 1, const VkDescriptorSet* pDescriptorSets = { '0x00005aecf05529e0' }, uint32_t dynamicOffsetCount = 0, const uint32_t* pDynamicOffsets = {})",,,,
24 - 31,0,vkCmdDrawMeshTasksIndirectCountEXT (0-7),0.20ms,0.39ms,0.19ms,
24,0,"vkCmdDrawMeshTasksIndirectCountEXT(VkBuffer buffer = '0x00005aecf013eb00', VkDeviceSize offset = 1080000, VkBuffer countBuffer = '0x00005aeceff96b70', VkDeviceSize countBufferOffset = 36, uint32_t maxDrawCount = 10000, uint32_t stride = 12)",,,,
25,0,"vkCmdDrawMeshTasksIndirectCountEXT(VkBuffer buffer = '0x00005aecf013eb00', VkDeviceSize offset = 1200000, VkBuffer countBuffer = '0x00005aeceff96b70', VkDeviceSize countBufferOffset = 40, uint32_t maxDrawCount = 10000, uint32_t stride = 12)",,,,
26,0,"vkCmdDrawMeshTasksIndirectCountEXT(VkBuffer buffer = '0x00005aecf013eb00', VkDeviceSize offset = 1320000, VkBuffer countBuffer = '0x00005aeceff96b70', VkDeviceSize countBufferOffset = 44, uint32_t maxDrawCount = 10000, uint32_t stride = 12)",,,,
27,0,"vkCmdDrawMeshTasksIndirectCountEXT(VkBuffer buffer = '0x00005aecf013eb00', VkDeviceSize offset = 1440000, VkBuffer countBuffer = '0x00005aeceff96b70', VkDeviceSize countBufferOffset = 48, uint32_t maxDrawCount = 10000, uint32_t stride = 12)",,,,
28,0,"vkCmdDrawMeshTasksIndirectCountEXT(VkBuffer buffer = '0x00005aecf013eb00', VkDeviceSize offset = 1560000, VkBuffer countBuffer = '0x00005aeceff96b70', VkDeviceSize countBufferOffset = 52, uint32_t maxDrawCount = 10000, uint32_t stride = 12)",,,,
29,0,"vkCmdDrawMeshTasksIndirectCountEXT(VkBuffer buffer = '0x00005aecf013eb00', VkDeviceSize offset = 1680000, VkBuffer countBuffer = '0x00005aeceff96b70', VkDeviceSize countBufferOffset = 56, uint32_t maxDrawCount = 10000, uint32_t stride = 12)",,,,
30,0,"vkCmdDrawMeshTasksIndirectCountEXT(VkBuffer buffer = '0x00005aecf013eb00', VkDeviceSize offset = 2160000, VkBuffer countBuffer = '0x00005aeceff96b70', VkDeviceSize countBufferOffset = 72, uint32_t maxDrawCount = 10000, uint32_t stride = 12)",,,,
31,0,"vkCmdDrawMeshTasksIndirectCountEXT(VkBuffer buffer = '0x00005aecf013eb00', VkDeviceSize offset = 2280000, VkBuffer countBuffer = '0x00005aeceff96b70', VkDeviceSize countBufferOffset = 76, uint32_t maxDrawCount = 10000, uint32_t stride = 12)",,,,
32,0,"vkCmdPipelineBarrier(VkPipelineStageFlags srcStageMask = VK_PIPELINE_STAGE_COLOR_ATTACHMENT_OUTPUT_BIT, VkPipelineStageFlags dstStageMask = VK_PIPELINE_STAGE_FRAGMENT_SHADER_BIT, VkDependencyFlags dependencyFlags = , uint32_t memoryBarrierCount = 0, const VkMemoryBarrier* pMemoryBarriers = {}, uint32_t bufferMemoryBarrierCount = 0, const VkBufferMemoryBarrier* pBufferMemoryBarriers = {}, uint32_t imageMemoryBarrierCount = 1, const VkImageMemoryBarrier* pImageMemoryBarriers = { { .srcAccessMask = VK_ACCESS_COLOR_ATTACHMENT_WRITE_BIT, .dstAccessMask = VK_ACCESS_SHADER_READ_BIT, .oldLayout = VK_IMAGE_LAYOUT_COLOR_ATTACHMENT_OPTIMAL, .newLayout = VK_IMAGE_LAYOUT_SHADER_READ_ONLY_OPTIMAL, .srcQueueFamilyIndex = 4294967295, .dstQueueFamilyIndex = 4294967295, .image = '0x00005aecf01e58e0' } })",0.39ms,0.39ms,<0.01ms,
33,0,"vkCmdBindPipeline(VkPipelineBindPoint pipelineBindPoint = VK_PIPELINE_BIND_POINT_GRAPHICS, VkPipeline pipeline = '0x00005aecf029ad30')",,,,
34,0,"vkCmdBindDescriptorSets(VkPipelineBindPoint pipelineBindPoint = VK_PIPELINE_BIND_POINT_GRAPHICS, VkPipelineLayout layout = '0x00005aecf02dc460', uint32_t firstSet = 0, uint32_t descriptorSetCount = 1, const VkDescriptorSet* pDescriptorSets = { '0x00005aecf05537c0' }, uint32_t dynamicOffsetCount = 0, const uint32_t* pDynamicOffsets = {})",,,,
35 - 50,0,vkCmdDraw (8-23),0.39ms,0.45ms,0.06ms,
35,0,"vkCmdDraw(uint32_t vertexCount = 3, uint32_t instanceCount = 1, uint32_t firstVertex = 0, uint32_t firstInstance = 0)",,,,
36,0,"vkCmdDraw(uint32_t vertexCount = 3, uint32_t instanceCount = 1, uint32_t firstVertex = 0, uint32_t firstInstance = 0)",,,,
37,0,"vkCmdDraw(uint32_t vertexCount = 3, uint32_t instanceCount = 1, uint32_t firstVertex = 0, uint32_t firstInstance = 0)",,,,
38,0,"vkCmdDraw(uint32_t vertexCount = 3, uint32_t instanceCount = 1, uint32_t firstVertex = 0, uint32_t firstInstance = 0)",,,,
39,0,"vkCmdDraw(uint32_t vertexCount = 3, uint32_t instanceCount = 1, uint32_t firstVertex = 0, uint32_t firstInstance = 0)",,,,
40,0,"vkCmdDraw(uint32_t vertexCount = 3, uint32_t instanceCount = 1, uint32_t firstVertex = 0, uint32_t firstInstance = 0)",,,,
41,0,"vkCmdDraw(uint32_t vertexCount = 3, uint32_t instanceCount = 1, uint32_t firstVertex = 0, uint32_t firstInstance = 0)",,,,
42,0,"vkCmdDraw(uint32_t vertexCount = 3, uint32_t instanceCount = 1, uint32_t firstVertex = 0, uint32_t firstInstance = 0)",,,,
43,0,"vkCmdDraw(uint32_t vertexCount = 3, uint32_t instanceCount = 1, uint32_t firstVertex = 0, uint32_t firstInstance = 0)",,,,
44,0,"vkCmdDraw(uint32_t vertexCount = 3, uint32_t instanceCount = 1, uint32_t firstVertex = 0, uint32_t firstInstance = 0)",,,,
45,0,"vkCmdDraw(uint32_t vertexCount = 3, uint32_t instanceCount = 1, uint32_t firstVertex = 0, uint32_t firstInstance = 0)",,,,
46,0,"vkCmdDraw(uint32_t vertexCount = 3, uint32_t instanceCount = 1, uint32_t firstVertex = 0, uint32_t firstInstance = 0)",,,,
47,0,"vkCmdDraw(uint32_t vertexCount = 3, uint32_t instanceCount = 1, uint32_t firstVertex = 0, uint32_t firstInstance = 0)",,,,
48,0,"vkCmdDraw(uint32_t vertexCount = 3, uint32_t instanceCount = 1, uint32_t firstVertex = 0, uint32_t firstInstance = 0)",,,,
49,0,"vkCmdDraw(uint32_t vertexCount = 3, uint32_t instanceCount = 1, uint32_t firstVertex = 0, uint32_t firstInstance = 0)",,,,
50,0,"vkCmdDraw(uint32_t vertexCount = 3, uint32_t instanceCount = 1, uint32_t firstVertex = 0, uint32_t firstInstance = 0)",,,,
51,0,"vkCmdPipelineBarrier(VkPipelineStageFlags srcStageMask = VK_PIPELINE_STAGE_FRAGMENT_SHADER_BIT | VK_PIPELINE_STAGE_COLOR_ATTACHMENT_OUTPUT_BIT, VkPipelineStageFlags dstStageMask = VK_PIPELINE_STAGE_FRAGMENT_SHADER_BIT | VK_PIPELINE_STAGE_COLOR_ATTACHMENT_OUTPUT_BIT, VkDependencyFlags dependencyFlags = , uint32_t memoryBarrierCount = 0, const VkMemoryBarrier* pMemoryBarriers = {}, uint32_t bufferMemoryBarrierCount = 0, const VkBufferMemoryBarrier* pBufferMemoryBarriers = {}, uint32_t imageMemoryBarrierCount = 2, const VkImageMemoryBarrier* pImageMemoryBarriers = { { .srcAccessMask = VK_ACCESS_COLOR_ATTACHMENT_WRITE_BIT, .dstAccessMask = VK_ACCESS_SHADER_READ_BIT, .oldLayout = VK_IMAGE_LAYOUT_COLOR_ATTACHMENT_OPTIMAL, .newLayout = VK_IMAGE_LAYOUT_SHADER_READ_ONLY_OPTIMAL, .srcQueueFamilyIndex = 4294967295, .dstQueueFamilyIndex = 4294967295, .image = '0x00005aecf02a0220' }, { .srcAccessMask = VK_ACCESS_SHADER_READ_BIT, .dstAccessMask = VK_ACCESS_COLOR_ATTACHMENT_WRITE_BIT, .oldLayout = VK_IMAGE_LAYOUT_SHADER_READ_ONLY_OPTIMAL, .newLayout = VK_IMAGE_LAYOUT_COLOR_ATTACHMENT_OPTIMAL, .srcQueueFamilyIndex = 4294967295, .dstQueueFamilyIndex = 4294967295, .image = '0x00005aecf01e58e0' } })",0.45ms,0.45ms,<0.01ms,
52,0,"vkCmdBindPipeline(VkPipelineBindPoint pipelineBindPoint = VK_PIPELINE_BIND_POINT_GRAPHICS, VkPipeline pipeline = '0x00005aecf029ad30')",,,,
53,0,"vkCmdBindDescriptorSets(VkPipelineBindPoint pipelineBindPoint = VK_PIPELINE_BIND_POINT_GRAPHICS, VkPipelineLayout layout = '0x00005aecf02dc460', uint32_t firstSet = 0, uint32_t descriptorSetCount = 1, const VkDescriptorSet* pDescriptorSets = { '0x00005aecf0553b38' }, uint32_t dynamicOffsetCount = 0, const uint32_t* pDynamicOffsets = {})",,,,
54 - 69,0,vkCmdDraw (24-39),0.45ms,0.51ms,0.06ms,
54,0,"vkCmdDraw(uint32_t vertexCount = 3, uint32_t instanceCount = 1, uint32_t firstVertex = 0, uint32_t firstInstance = 0)",,,,
55,0,"vkCmdDraw(uint32_t vertexCount = 3, uint32_t instanceCount = 1, uint32_t firstVertex = 0, uint32_t firstInstance = 0)",,,,
56,0,"vkCmdDraw(uint32_t vertexCount = 3, uint32_t instanceCount = 1, uint32_t firstVertex = 0, uint32_t firstInstance = 0)",,,,
57,0,"vkCmdDraw(uint32_t vertexCount = 3, uint32_t instanceCount = 1, uint32_t firstVertex = 0, uint32_t firstInstance = 0)",,,,
58,0,"vkCmdDraw(uint32_t vertexCount = 3, uint32_t instanceCount = 1, uint32_t firstVertex = 0, uint32_t firstInstance = 0)",,,,
59,0,"vkCmdDraw(uint32_t vertexCount = 3, uint32_t instanceCount = 1, uint32_t firstVertex = 0, uint32_t firstInstance = 0)",,,,
60,0,"vkCmdDraw(uint32_t vertexCount = 3, uint32_t instanceCount = 1, uint32_t firstVertex = 0, uint32_t firstInstance = 0)",,,,
61,0,"vkCmdDraw(uint32_t vertexCount = 3, uint32_t instanceCount = 1, uint32_t firstVertex = 0, uint32_t firstInstance = 0)",,,,
62,0,"vkCmdDraw(uint32_t vertexCount = 3, uint32_t instanceCount = 1, uint32_t firstVertex = 0, uint32_t firstInstance = 0)",,,,
63,0,"vkCmdDraw(uint32_t vertexCount = 3, uint32_t instanceCount = 1, uint32_t firstVertex = 0, uint32_t firstInstance = 0)",,,,
64,0,"vkCmdDraw(uint32_t vertexCount = 3, uint32_t instanceCount = 1, uint32_t firstVertex = 0, uint32_t firstInstance = 0)",,,,
65,0,"vkCmdDraw(uint32_t vertexCount = 3, uint32_t instanceCount = 1, uint32_t firstVertex = 0, uint32_t firstInstance = 0)",,,,
66,0,"vkCmdDraw(uint32_t vertexCount = 3, uint32_t instanceCount = 1, uint32_t firstVertex = 0, uint32_t firstInstance = 0)",,,,
67,0,"vkCmdDraw(uint32_t vertexCount = 3, uint32_t instanceCount = 1, uint32_t firstVertex = 0, uint32_t firstInstance = 0)",,,,
68,0,"vkCmdDraw(uint32_t vertexCount = 3, uint32_t instanceCount = 1, uint32_t firstVertex = 0, uint32_t firstInstance = 0)",,,,
69,0,"vkCmdDraw(uint32_t vertexCount = 3, uint32_t instanceCount = 1, uint32_t firstVertex = 0, uint32_t firstInstance = 0)",,,,
70,0,"vkCmdPipelineBarrier(VkPipelineStageFlags srcStageMask = VK_PIPELINE_STAGE_COLOR_ATTACHMENT_OUTPUT_BIT, VkPipelineStageFlags dstStageMask = VK_PIPELINE_STAGE_FRAGMENT_SHADER_BIT, VkDependencyFlags dependencyFlags = , uint32_t memoryBarrierCount = 0, const VkMemoryBarrier* pMemoryBarriers = {}, uint32_t bufferMemoryBarrierCount = 0, const VkBufferMemoryBarrier* pBufferMemoryBarriers = {}, uint32_t imageMemoryBarrierCount = 1, const VkImageMemoryBarrier* pImageMemoryBarriers = { { .srcAccessMask = VK_ACCESS_COLOR_ATTACHMENT_WRITE_BIT, .dstAccessMask = VK_ACCESS_SHADER_READ_BIT, .oldLayout = VK_IMAGE_LAYOUT_COLOR_ATTACHMENT_OPTIMAL, .newLayout = VK_IMAGE_LAYOUT_SHADER_READ_ONLY_OPTIMAL, .srcQueueFamilyIndex = 4294967295, .dstQueueFamilyIndex = 4294967295, .image = '0x00005aecf01e58e0' } })",0.51ms,0.51ms,<0.01ms,
71,0,"vkCmdBindPipeline(VkPipelineBindPoint pipelineBindPoint = VK_PIPELINE_BIND_POINT_COMPUTE, VkPipeline pipeline = '0x00005aecefbf9780')",,,,
72,0,"vkCmdBindDescriptorSets(VkPipelineBindPoint pipelineBindPoint = VK_PIPELINE_BIND_POINT_COMPUTE, VkPipelineLayout layout = '0x00005aecf0164ff0', uint32_t firstSet = 0, uint32_t descriptorSetCount = 1, const VkDescriptorSet* pDescriptorSets = { '0x00005aecf0537f38' }, uint32_t dynamicOffsetCount = 0, const uint32_t* pDynamicOffsets = {})",,,,
73,0,"vkCmdDispatch(uint32_t groupCountX = 2, uint32_t groupCountY = 1, uint32_t groupCountZ = 1)",0.51ms,0.52ms,0.01ms,
74,0,"vkCmdPipelineBarrier(VkPipelineStageFlags srcStageMask = VK_PIPELINE_STAGE_COMPUTE_SHADER_BIT, VkPipelineStageFlags dstStageMask = VK_PIPELINE_STAGE_DRAW_INDIRECT_BIT | VK_PIPELINE_STAGE_TASK_SHADER_BIT_EXT | VK_PIPELINE_STAGE_MESH_SHADER_BIT_EXT, VkDependencyFlags dependencyFlags = , uint32_t memoryBarrierCount = 1, const VkMemoryBarrier* pMemoryBarriers = { { .srcAccessMask = VK_ACCESS_SHADER_WRITE_BIT, .dstAccessMask = VK_ACCESS_INDIRECT_COMMAND_READ_BIT | VK_ACCESS_SHADER_READ_BIT } }, uint32_t bufferMemoryBarrierCount = 0, const VkBufferMemoryBarrier* pBufferMemoryBarriers = {}, uint32_t imageMemoryBarrierCount = 0, const VkImageMemoryBarrier* pImageMemoryBarriers = {})",0.52ms,0.53ms,<0.01ms,
75,0,"vkCmdPipelineBarrier(VkPipelineStageFlags srcStageMask = VK_PIPELINE_STAGE_TOP_OF_PIPE_BIT, VkPipelineStageFlags dstStageMask = VK_PIPELINE_STAGE_COLOR_ATTACHMENT_OUTPUT_BIT, VkDependencyFlags dependencyFlags = , uint32_t memoryBarrierCount = 0, const VkMemoryBarrier* pMemoryBarriers = {}, uint32_t bufferMemoryBarrierCount = 0, const VkBufferMemoryBarrier* pBufferMemoryBarriers = {}, uint32_t imageMemoryBarrierCount = 1, const VkImageMemoryBarrier* pImageMemoryBarriers = { { .srcAccessMask = VK_ACCESS_NONE, .dstAccessMask = VK_ACCESS_COLOR_ATTACHMENT_WRITE_BIT, .oldLayout = VK_IMAGE_LAYOUT_UNDEFINED, .newLayout = VK_IMAGE_LAYOUT_COLOR_ATTACHMENT_OPTIMAL, .srcQueueFamilyIndex = 4294967295, .dstQueueFamilyIndex = 4294967295, .image = '0x00005aecf0634e70' } })",0.53ms,0.55ms,0.02ms,
76,0,"vkCmdBindPipeline(VkPipelineBindPoint pipelineBindPoint = VK_PIPELINE_BIND_POINT_GRAPHICS, VkPipeline pipeline = '0x00005aecefbe0b80')",,,,
77,0,"vkCmdBindDescriptorSets(VkPipelineBindPoint pipelineBindPoint = VK_PIPELINE_BIND_POINT_GRAPHICS, VkPipelineLayout layout = '0x00005aecefa8e9a0', uint32_t firstSet = 0, uint32_t descriptorSetCount = 1, const VkDescriptorSet* pDescriptorSets = { '0x00005aecf0536de0' }, uint32_t dynamicOffsetCount = 0, const uint32_t* pDynamicOffsets = {})",,,,
78,0,"vkCmdBindDescriptorSets(VkPipelineBindPoint pipelineBindPoint = VK_PIPELINE_BIND_POINT_GRAPHICS, VkPipelineLayout layout = '0x00005aecefa8e9a0', uint32_t firstSet = 2, uint32_t descriptorSetCount = 1, const VkDescriptorSet* pDescriptorSets = { '0x00005aecf05529e0' }, uint32_t dynamicOffsetCount = 0, const uint32_t* pDynamicOffsets = {})",,,,
79,0,"vkCmdBindDescriptorSets(VkPipelineBindPoint pipelineBindPoint = VK_PIPELINE_BIND_POINT_GRAPHICS, VkPipelineLayout layout = '0x00005aecefa8e9a0', uint32_t firstSet = 1, uint32_t descriptorSetCount = 1, const VkDescriptorSet* pDescriptorSets = { '0x00005aecefa4f480' }, uint32_t dynamicOffsetCount = 0, const uint32_t* pDynamicOffsets = {})",,,,
80,0,"vkCmdDrawMeshTasksIndirectCountEXT(VkBuffer buffer = '0x00005aecf013eb00', VkDeviceSize offset = 0, VkBuffer countBuffer = '0x00005aeceff96b70', VkDeviceSize countBufferOffset = 0, uint32_t maxDrawCount = 10000, uint32_t stride = 12)",0.55ms,0.68ms,0.13ms,
81,0,"vkCmdPipelineBarrier(VkPipelineStageFlags srcStageMask = VK_PIPELINE_STAGE_LATE_FRAGMENT_TESTS_BIT, VkPipelineStageFlags dstStageMask = VK_PIPELINE_STAGE_EARLY_FRAGMENT_TESTS_BIT, VkDependencyFlags dependencyFlags = , uint32_t memoryBarrierCount = 0, const VkMemoryBarrier* pMemoryBarriers = {}, uint32_t bufferMemoryBarrierCount = 0, const VkBufferMemoryBarrier* pBufferMemoryBarriers = {}, uint32_t imageMemoryBarrierCount = 1, const VkImageMemoryBarrier* pImageMemoryBarriers = { { .srcAccessMask = VK_ACCESS_DEPTH_STENCIL_ATTACHMENT_WRITE_BIT, .dstAccessMask = VK_ACCESS_DEPTH_STENCIL_ATTACHMENT_READ_BIT | VK_ACCESS_DEPTH_STENCIL_ATTACHMENT_WRITE_BIT, .oldLayout = VK_IMAGE_LAYOUT_DEPTH_STENCIL_ATTACHMENT_OPTIMAL, .newLayout = VK_IMAGE_LAYOUT_DEPTH_STENCIL_ATTACHMENT_OPTIMAL, .srcQueueFamilyIndex = 4294967295, .dstQueueFamilyIndex = 4294967295, .image = '0x00005aecefa2ccc0' } })",0.68ms,0.68ms,<0.01ms,
82,0,"vkCmdBindPipeline(VkPipelineBindPoint pipelineBindPoint = VK_PIPELINE_BIND_POINT_GRAPHICS, VkPipeline pipeline = '0x00005aecefc76a30')",,,,
83,0,"vkCmdBindDescriptorSets(VkPipelineBindPoint pipelineBindPoint = VK_PIPELINE_BIND_POINT_GRAPHICS, VkPipelineLayout layout = '0x00005aecefc386c0', uint32_t firstSet = 0, uint32_t descriptorSetCount = 1, const VkDescriptorSet* pDescriptorSets = { '0x00005aecf0536de0' }, uint32_t dynamicOffsetCount = 0, const uint32_t* pDynamicOffsets = {})",,,,
84,0,"vkCmdBindDescriptorSets(VkPipelineBindPoint pipelineBindPoint = VK_PIPELINE_BIND_POINT_GRAPHICS, VkPipelineLayout layout = '0x00005aecefc386c0', uint32_t firstSet = 2, uint32_t descriptorSetCount = 1, const VkDescriptorSet* pDescriptorSets = { '0x00005aecf05529e0' }, uint32_t dynamicOffsetCount = 0, const uint32_t* pDynamicOffsets = {})",,,,
85,0,"vkCmdBindDescriptorSets(VkPipelineBindPoint pipelineBindPoint = VK_PIPELINE_BIND_POINT_GRAPHICS, VkPipelineLayout layout = '0x00005aecefc386c0', uint32_t firstSet = 1, uint32_t descriptorSetCount = 1, const VkDescriptorSet* pDescriptorSets = { '0x00005aecefa4f480' }, uint32_t dynamicOffsetCount = 0, const uint32_t* pDynamicOffsets = {})",,,,
86,0,"vkCmdDrawMeshTasksIndirectCountEXT(VkBuffer buffer = '0x00005aecf013eb00', VkDeviceSize offset = 360000, VkBuffer countBuffer = '0x00005aeceff96b70', VkDeviceSize countBufferOffset = 12, uint32_t maxDrawCount = 10000, uint32_t stride = 12)",0.68ms,0.74ms,0.06ms,
87,0,"vkCmdPipelineBarrier(VkPipelineStageFlags srcStageMask = VK_PIPELINE_STAGE_LATE_FRAGMENT_TESTS_BIT, VkPipelineStageFlags dstStageMask = VK_PIPELINE_STAGE_EARLY_FRAGMENT_TESTS_BIT, VkDependencyFlags dependencyFlags = , uint32_t memoryBarrierCount = 0, const VkMemoryBarrier* pMemoryBarriers = {}, uint32_t bufferMemoryBarrierCount = 0, const VkBufferMemoryBarrier* pBufferMemoryBarriers = {}, uint32_t imageMemoryBarrierCount = 1, const VkImageMemoryBarrier* pImageMemoryBarriers = { { .srcAccessMask = VK_ACCESS_DEPTH_STENCIL_ATTACHMENT_WRITE_BIT, .dstAccessMask = VK_ACCESS_DEPTH_STENCIL_ATTACHMENT_READ_BIT | VK_ACCESS_DEPTH_STENCIL_ATTACHMENT_WRITE_BIT, .oldLayout = VK_IMAGE_LAYOUT_DEPTH_STENCIL_ATTACHMENT_OPTIMAL, .newLayout = VK_IMAGE_LAYOUT_DEPTH_STENCIL_ATTACHMENT_OPTIMAL, .srcQueueFamilyIndex = 4294967295, .dstQueueFamilyIndex = 4294967295, .image = '0x00005aecefa2ccc0' } })",0.74ms,1.01ms,0.27ms,
88,0,"vkCmdBindPipeline(VkPipelineBindPoint pipelineBindPoint = VK_PIPELINE_BIND_POINT_GRAPHICS, VkPipeline pipeline = '0x00005aecefc5b1b0')",,,,
89,0,"vkCmdBindDescriptorSets(VkPipelineBindPoint pipelineBindPoint = VK_PIPELINE_BIND_POINT_GRAPHICS, VkPipelineLayout layout = '0x00005aecefa8e9a0', uint32_t firstSet = 0, uint32_t descriptorSetCount = 1, const VkDescriptorSet* pDescriptorSets = { '0x00005aecf0536de0' }, uint32_t dynamicOffsetCount = 0, const uint32_t* pDynamicOffsets = {})",,,,
90,0,"vkCmdBindDescriptorSets(VkPipelineBindPoint pipelineBindPoint = VK_PIPELINE_BIND_POINT_GRAPHICS, VkPipelineLayout layout = '0x00005aecefa8e9a0', uint32_t firstSet = 2, uint32_t descriptorSetCount = 1, const VkDescriptorSet* pDescriptorSets = { '0x00005aecf05529e0' }, uint32_t dynamicOffsetCount = 0, const uint32_t* pDynamicOffsets = {})",,,,
91,0,"vkCmdBindDescriptorSets(VkPipelineBindPoint pipelineBindPoint = VK_PIPELINE_BIND_POINT_GRAPHICS, VkPipelineLayout layout = '0x00005aecefa8e9a0', uint32_t firstSet = 1, uint32_t descriptorSetCount = 1, const VkDescriptorSet* pDescriptorSets = { '0x00005aecefa4f480' }, uint32_t dynamicOffsetCount = 0, const uint32_t* pDynamicOffsets = {})",,,,
92,0,"vkCmdDrawMeshTasksIndirectCountEXT(VkBuffer buffer = '0x00005aecf013eb00', VkDeviceSize offset = 0, VkBuffer countBuffer = '0x00005aeceff96b70', VkDeviceSize countBufferOffset = 0, uint32_t maxDrawCount = 10000, uint32_t stride = 12)",1.01ms,1.78ms,0.77ms,
93,0,"vkCmdBindPipeline(VkPipelineBindPoint pipelineBindPoint = VK_PIPELINE_BIND_POINT_GRAPHICS, VkPipeline pipeline = '0x00005aecefc1c090')",,,,
94,0,"vkCmdBindDescriptorSets(VkPipelineBindPoint pipelineBindPoint = VK_PIPELINE_BIND_POINT_GRAPHICS, VkPipelineLayout layout = '0x00005aecefc386c0', uint32_t firstSet = 0, uint32_t descriptorSetCount = 1, const VkDescriptorSet* pDescriptorSets = { '0x00005aecf0536de0' }, uint32_t dynamicOffsetCount = 0, const uint32_t* pDynamicOffsets = {})",,,,
95,0,"vkCmdBindDescriptorSets(VkPipelineBindPoint pipelineBindPoint = VK_PIPELINE_BIND_POINT_GRAPHICS, VkPipelineLayout layout = '0x00005aecefc386c0', uint32_t firstSet = 2, uint32_t descriptorSetCount = 1, const VkDescriptorSet* pDescriptorSets = { '0x00005aecf05529e0' }, uint32_t dynamicOffsetCount = 0, const uint32_t* pDynamicOffsets = {})",,,,
96,0,"vkCmdBindDescriptorSets(VkPipelineBindPoint pipelineBindPoint = VK_PIPELINE_BIND_POINT_GRAPHICS, VkPipelineLayout layout = '0x00005aecefc386c0', uint32_t firstSet = 1, uint32_t descriptorSetCount = 1, const VkDescriptorSet* pDescriptorSets = { '0x00005aecefa4f480' }, uint32_t dynamicOffsetCount = 0, const uint32_t* pDynamicOffsets = {})",,,,
97,0,"vkCmdDrawMeshTasksIndirectCountEXT(VkBuffer buffer = '0x00005aecf013eb00', VkDeviceSize offset = 360000, VkBuffer countBuffer = '0x00005aeceff96b70', VkDeviceSize countBufferOffset = 12, uint32_t maxDrawCount = 10000, uint32_t stride = 12)",1.78ms,1.93ms,0.15ms,
98,0,"vkCmdBindPipeline(VkPipelineBindPoint pipelineBindPoint = VK_PIPELINE_BIND_POINT_GRAPHICS, VkPipeline pipeline = '0x00005aecefc18490')",,,,
99,0,"vkCmdBindDescriptorSets(VkPipelineBindPoint pipelineBindPoint = VK_PIPELINE_BIND_POINT_GRAPHICS, VkPipelineLayout layout = '0x00005aecefc8e9c0', uint32_t firstSet = 0, uint32_t descriptorSetCount = 1, const VkDescriptorSet* pDescriptorSets = { '0x00005aecf0536de0' }, uint32_t dynamicOffsetCount = 0, const uint32_t* pDynamicOffsets = {})",,,,
100,0,"vkCmdBindDescriptorSets(VkPipelineBindPoint pipelineBindPoint = VK_PIPELINE_BIND_POINT_GRAPHICS, VkPipelineLayout layout = '0x00005aecefc8e9c0', uint32_t firstSet = 2, uint32_t descriptorSetCount = 1, const VkDescriptorSet* pDescriptorSets = { '0x00005aecf05529e0' }, uint32_t dynamicOffsetCount = 0, const uint32_t* pDynamicOffsets = {})",,,,
101,0,"vkCmdBindDescriptorSets(VkPipelineBindPoint pipelineBindPoint = VK_PIPELINE_BIND_POINT_GRAPHICS, VkPipelineLayout layout = '0x00005aecefc8e9c0', uint32_t firstSet = 1, uint32_t descriptorSetCount = 1, const VkDescriptorSet* pDescriptorSets = { '0x00005aecefa4f480' }, uint32_t dynamicOffsetCount = 0, const uint32_t* pDynamicOffsets = {})",,,,
102,0,"vkCmdDrawMeshTasksIndirectCountEXT(VkBuffer buffer = '0x00005aecf013eb00', VkDeviceSize offset = 120000, VkBuffer countBuffer = '0x00005aeceff96b70', VkDeviceSize countBufferOffset = 4, uint32_t maxDrawCount = 10000, uint32_t stride = 12)",1.93ms,1.95ms,0.01ms,
103,0,"vkCmdBindPipeline(VkPipelineBindPoint pipelineBindPoint = VK_PIPELINE_BIND_POINT_GRAPHICS, VkPipeline pipeline = '0x00005aecefc1d3f0')",,,,
104,0,"vkCmdBindDescriptorSets(VkPipelineBindPoint pipelineBindPoint = VK_PIPELINE_BIND_POINT_GRAPHICS, VkPipelineLayout layout = '0x00005aecefc22920', uint32_t firstSet = 0, uint32_t descriptorSetCount = 1, const VkDescriptorSet* pDescriptorSets = { '0x00005aecf0536de0' }, uint32_t dynamicOffsetCount = 0, const uint32_t* pDynamicOffsets = {})",,,,
105,0,"vkCmdBindDescriptorSets(VkPipelineBindPoint pipelineBindPoint = VK_PIPELINE_BIND_POINT_GRAPHICS, VkPipelineLayout layout = '0x00005aecefc22920', uint32_t firstSet = 2, uint32_t descriptorSetCount = 1, const VkDescriptorSet* pDescriptorSets = { '0x00005aecf05529e0' }, uint32_t dynamicOffsetCount = 0, const uint32_t* pDynamicOffsets = {})",,,,
106,0,"vkCmdBindDescriptorSets(VkPipelineBindPoint pipelineBindPoint = VK_PIPELINE_BIND_POINT_GRAPHICS, VkPipelineLayout layout = '0x00005aecefc22920', uint32_t firstSet = 1, uint32_t descriptorSetCount = 1, const VkDescriptorSet* pDescriptorSets = { '0x00005aecefa4f480' }, uint32_t dynamicOffsetCount = 0, const uint32_t* pDynamicOffsets = {})",,,,
107,0,"vkCmdDrawMeshTasksIndirectCountEXT(VkBuffer buffer = '0x00005aecf013eb00', VkDeviceSize offset = 240000, VkBuffer countBuffer = '0x00005aeceff96b70', VkDeviceSize countBufferOffset = 8, uint32_t maxDrawCount = 10000, uint32_t stride = 12)",1.95ms,2.01ms,0.06ms,
108,0,"vkCmdPipelineBarrier(VkPipelineStageFlags srcStageMask = VK_PIPELINE_STAGE_COLOR_ATTACHMENT_OUTPUT_BIT, VkPipelineStageFlags dstStageMask = VK_PIPELINE_STAGE_TRANSFER_BIT, VkDependencyFlags dependencyFlags = , uint32_t memoryBarrierCount = 0, const VkMemoryBarrier* pMemoryBarriers = {}, uint32_t bufferMemoryBarrierCount = 0, const VkBufferMemoryBarrier* pBufferMemoryBarriers = {}, uint32_t imageMemoryBarrierCount = 1, const VkImageMemoryBarrier* pImageMemoryBarriers = { { .srcAccessMask = VK_ACCESS_COLOR_ATTACHMENT_WRITE_BIT, .dstAccessMask = VK_ACCESS_TRANSFER_READ_BIT, .oldLayout = VK_IMAGE_LAYOUT_COLOR_ATTACHMENT_OPTIMAL, .newLayout = VK_IMAGE_LAYOUT_TRANSFER_SRC_OPTIMAL, .srcQueueFamilyIndex = 4294967295, .dstQueueFamilyIndex = 4294967295, .image = '0x00005aecef9d1a90' } })",2.01ms,2.01ms,<0.01ms,
109,0,"vkCmdCopyImageToBuffer(VkImage srcImage = '0x00005aecef9d1a90', VkImageLayout srcImageLayout = VK_IMAGE_LAYOUT_TRANSFER_SRC_OPTIMAL, VkBuffer dstBuffer = '0x00005aecf04703d0', uint32_t regionCount = 1)",2.01ms,2.01ms,<0.01ms,
110,0,"vkCmdPipelineBarrier(VkPipelineStageFlags srcStageMask = VK_PIPELINE_STAGE_TRANSFER_BIT, VkPipelineStageFlags dstStageMask = VK_PIPELINE_STAGE_COLOR_ATTACHMENT_OUTPUT_BIT, VkDependencyFlags dependencyFlags = , uint32_t memoryBarrierCount = 0, const VkMemoryBarrier* pMemoryBarriers = {}, uint32_t bufferMemoryBarrierCount = 0, const VkBufferMemoryBarrier* pBufferMemoryBarriers = {}, uint32_t imageMemoryBarrierCount = 1, const VkImageMemoryBarrier* pImageMemoryBarriers = { { .srcAccessMask = VK_ACCESS_TRANSFER_READ_BIT, .dstAccessMask = VK_ACCESS_COLOR_ATTACHMENT_WRITE_BIT, .oldLayout = VK_IMAGE_LAYOUT_TRANSFER_SRC_OPTIMAL, .newLayout = VK_IMAGE_LAYOUT_COLOR_ATTACHMENT_OPTIMAL, .srcQueueFamilyIndex = 4294967295, .dstQueueFamilyIndex = 4294967295, .image = '0x00005aecef9d1a90' } })",2.01ms,2.01ms,<0.01ms,
111,0,"vkCmdPipelineBarrier(VkPipelineStageFlags srcStageMask = VK_PIPELINE_STAGE_COLOR_ATTACHMENT_OUTPUT_BIT, VkPipelineStageFlags dstStageMask = VK_PIPELINE_STAGE_FRAGMENT_SHADER_BIT, VkDependencyFlags dependencyFlags = , uint32_t memoryBarrierCount = 0, const VkMemoryBarrier* pMemoryBarriers = {}, uint32_t bufferMemoryBarrierCount = 0, const VkBufferMemoryBarrier* pBufferMemoryBarriers = {}, uint32_t imageMemoryBarrierCount = 1, const VkImageMemoryBarrier* pImageMemoryBarriers = { { .srcAccessMask = VK_ACCESS_COLOR_ATTACHMENT_WRITE_BIT, .dstAccessMask = VK_ACCESS_SHADER_READ_BIT, .oldLayout = VK_IMAGE_LAYOUT_COLOR_ATTACHMENT_OPTIMAL, .newLayout = VK_IMAGE_LAYOUT_SHADER_READ_ONLY_OPTIMAL, .srcQueueFamilyIndex = 4294967295, .dstQueueFamilyIndex = 4294967295, .image = '0x00005aecf0634e70' } })",2.01ms,2.01ms,<0.01ms,
112,0,"vkCmdPipelineBarrier(VkPipelineStageFlags srcStageMask = VK_PIPELINE_STAGE_LATE_FRAGMENT_TESTS_BIT, VkPipelineStageFlags dstStageMask = VK_PIPELINE_STAGE_EARLY_FRAGMENT_TESTS_BIT | VK_PIPELINE_STAGE_LATE_FRAGMENT_TESTS_BIT, VkDependencyFlags dependencyFlags = , uint32_t memoryBarrierCount = 0, const VkMemoryBarrier* pMemoryBarriers = {}, uint32_t bufferMemoryBarrierCount = 0, const VkBufferMemoryBarrier* pBufferMemoryBarriers = {}, uint32_t imageMemoryBarrierCount = 1, const VkImageMemoryBarrier* pImageMemoryBarriers = { { .srcAccessMask = VK_ACCESS_DEPTH_STENCIL_ATTACHMENT_WRITE_BIT, .dstAccessMask = VK_ACCESS_DEPTH_STENCIL_ATTACHMENT_READ_BIT, .oldLayout = VK_IMAGE_LAYOUT_DEPTH_STENCIL_ATTACHMENT_OPTIMAL, .newLayout = VK_IMAGE_LAYOUT_DEPTH_STENCIL_ATTACHMENT_OPTIMAL, .srcQueueFamilyIndex = 4294967295, .dstQueueFamilyIndex = 4294967295, .image = '0x00005aecefa2ccc0' } })",2.01ms,2.01ms,<0.01ms,
113,0,"vkCmdPipelineBarrier(VkPipelineStageFlags srcStageMask = VK_PIPELINE_STAGE_EARLY_FRAGMENT_TESTS_BIT, VkPipelineStageFlags dstStageMask = VK_PIPELINE_STAGE_EARLY_FRAGMENT_TESTS_BIT | VK_PIPELINE_STAGE_LATE_FRAGMENT_TESTS_BIT, VkDependencyFlags dependencyFlags = , uint32_t memoryBarrierCount = 0, const VkMemoryBarrier* pMemoryBarriers = {}, uint32_t bufferMemoryBarrierCount = 0, const VkBufferMemoryBarrier* pBufferMemoryBarriers = {}, uint32_t imageMemoryBarrierCount = 1, const VkImageMemoryBarrier* pImageMemoryBarriers = { { .srcAccessMask = VK_ACCESS_NONE, .dstAccessMask = VK_ACCESS_DEPTH_STENCIL_ATTACHMENT_WRITE_BIT, .oldLayout = VK_IMAGE_LAYOUT_SHADER_READ_ONLY_OPTIMAL, .newLayout = VK_IMAGE_LAYOUT_DEPTH_STENCIL_ATTACHMENT_OPTIMAL, .srcQueueFamilyIndex = 4294967295, .dstQueueFamilyIndex = 4294967295, .image = '0x00005aecefa39500' } })",2.01ms,2.43ms,0.42ms,
114,0,"vkCmdPipelineBarrier(VkPipelineStageFlags srcStageMask = VK_PIPELINE_STAGE_LATE_FRAGMENT_TESTS_BIT, VkPipelineStageFlags dstStageMask = VK_PIPELINE_STAGE_COMPUTE_SHADER_BIT, VkDependencyFlags dependencyFlags = , uint32_t memoryBarrierCount = 0, const VkMemoryBarrier* pMemoryBarriers = {}, uint32_t bufferMemoryBarrierCount = 0, const VkBufferMemoryBarrier* pBufferMemoryBarriers = {}, uint32_t imageMemoryBarrierCount = 1, const VkImageMemoryBarrier* pImageMemoryBarriers = { { .srcAccessMask = VK_ACCESS_DEPTH_STENCIL_ATTACHMENT_WRITE_BIT, .dstAccessMask = VK_ACCESS_SHADER_READ_BIT, .oldLayout = VK_IMAGE_LAYOUT_DEPTH_STENCIL_ATTACHMENT_OPTIMAL, .newLayout = VK_IMAGE_LAYOUT_SHADER_READ_ONLY_OPTIMAL, .srcQueueFamilyIndex = 4294967295, .dstQueueFamilyIndex = 4294967295, .image = '0x00005aecefa39500' } })",2.43ms,2.43ms,<0.01ms,
115,0,"vkCmdPipelineBarrier(VkPipelineStageFlags srcStageMask = VK_PIPELINE_STAGE_TOP_OF_PIPE_BIT, VkPipelineStageFlags dstStageMask = VK_PIPELINE_STAGE_COLOR_ATTACHMENT_OUTPUT_BIT, VkDependencyFlags dependencyFlags = , uint32_t memoryBarrierCount = 0, const VkMemoryBarrier* pMemoryBarriers = {}, uint32_t bufferMemoryBarrierCount = 0, const VkBufferMemoryBarrier* pBufferMemoryBarriers = {}, uint32_t imageMemoryBarrierCount = 1, const VkImageMemoryBarrier* pImageMemoryBarriers = { { .srcAccessMask = VK_ACCESS_NONE, .dstAccessMask = VK_ACCESS_COLOR_ATTACHMENT_WRITE_BIT, .oldLayout = VK_IMAGE_LAYOUT_UNDEFINED, .newLayout = VK_IMAGE_LAYOUT_COLOR_ATTACHMENT_OPTIMAL, .srcQueueFamilyIndex = 4294967295, .dstQueueFamilyIndex = 4294967295, .image = '0x00005aecf05df250' } })",2.43ms,2.44ms,<0.01ms,
116,0,"vkCmdBindPipeline(VkPipelineBindPoint pipelineBindPoint = VK_PIPELINE_BIND_POINT_GRAPHICS, VkPipeline pipeline = '0x00005aecefbe0b80')",,,,
117,0,"vkCmdBindDescriptorSets(VkPipelineBindPoint pipelineBindPoint = VK_PIPELINE_BIND_POINT_GRAPHICS, VkPipelineLayout layout = '0x00005aecefa8e9a0', uint32_t firstSet = 0, uint32_t descriptorSetCount = 1, const VkDescriptorSet* pDescriptorSets = { '0x00005aecf0537158' }, uint32_t dynamicOffsetCount = 0, const uint32_t* pDynamicOffsets = {})",,,,
118,0,"vkCmdBindDescriptorSets(VkPipelineBindPoint pipelineBindPoint = VK_PIPELINE_BIND_POINT_GRAPHICS, VkPipelineLayout layout = '0x00005aecefa8e9a0', uint32_t firstSet = 2, uint32_t descriptorSetCount = 1, const VkDescriptorSet* pDescriptorSets = { '0x00005aecf05529e0' }, uint32_t dynamicOffsetCount = 0, const uint32_t* pDynamicOffsets = {})",,,,
119,0,"vkCmdBindDescriptorSets(VkPipelineBindPoint pipelineBindPoint = VK_PIPELINE_BIND_POINT_GRAPHICS, VkPipelineLayout layout = '0x00005aecefa8e9a0', uint32_t firstSet = 1, uint32_t descriptorSetCount = 1, const VkDescriptorSet* pDescriptorSets = { '0x00005aecefa4f480' }, uint32_t dynamicOffsetCount = 0, const uint32_t* pDynamicOffsets = {})",,,,
120,0,"vkCmdDrawMeshTasksIndirectCountEXT(VkBuffer buffer = '0x00005aecf013eb00', VkDeviceSize offset = 480000, VkBuffer countBuffer = '0x00005aeceff96b70', VkDeviceSize countBufferOffset = 16, uint32_t maxDrawCount = 10000, uint32_t stride = 12)",2.44ms,2.48ms,0.04ms,
121,0,"vkCmdPipelineBarrier(VkPipelineStageFlags srcStageMask = VK_PIPELINE_STAGE_LATE_FRAGMENT_TESTS_BIT, VkPipelineStageFlags dstStageMask = VK_PIPELINE_STAGE_EARLY_FRAGMENT_TESTS_BIT, VkDependencyFlags dependencyFlags = , uint32_t memoryBarrierCount = 0, const VkMemoryBarrier* pMemoryBarriers = {}, uint32_t bufferMemoryBarrierCount = 0, const VkBufferMemoryBarrier* pBufferMemoryBarriers = {}, uint32_t imageMemoryBarrierCount = 1, const VkImageMemoryBarrier* pImageMemoryBarriers = { { .srcAccessMask = VK_ACCESS_DEPTH_STENCIL_ATTACHMENT_WRITE_BIT, .dstAccessMask = VK_ACCESS_DEPTH_STENCIL_ATTACHMENT_READ_BIT | VK_ACCESS_DEPTH_STENCIL_ATTACHMENT_WRITE_BIT, .oldLayout = VK_IMAGE_LAYOUT_DEPTH_STENCIL_ATTACHMENT_OPTIMAL, .newLayout = VK_IMAGE_LAYOUT_DEPTH_STENCIL_ATTACHMENT_OPTIMAL, .srcQueueFamilyIndex = 4294967295, .dstQueueFamilyIndex = 4294967295, .image = '0x00005aecefa39e40' } })",2.48ms,2.48ms,<0.01ms,
122,0,"vkCmdBindPipeline(VkPipelineBindPoint pipelineBindPoint = VK_PIPELINE_BIND_POINT_GRAPHICS, VkPipeline pipeline = '0x00005aecefc76a30')",,,,
123,0,"vkCmdBindDescriptorSets(VkPipelineBindPoint pipelineBindPoint = VK_PIPELINE_BIND_POINT_GRAPHICS, VkPipelineLayout layout = '0x00005aecefc386c0', uint32_t firstSet = 0, uint32_t descriptorSetCount = 1, const VkDescriptorSet* pDescriptorSets = { '0x00005aecf0537158' }, uint32_t dynamicOffsetCount = 0, const uint32_t* pDynamicOffsets = {})",,,,
124,0,"vkCmdBindDescriptorSets(VkPipelineBindPoint pipelineBindPoint = VK_PIPELINE_BIND_POINT_GRAPHICS, VkPipelineLayout layout = '0x00005aecefc386c0', uint32_t firstSet = 2, uint32_t descriptorSetCount = 1, const VkDescriptorSet* pDescriptorSets = { '0x00005aecf05529e0' }, uint32_t dynamicOffsetCount = 0, const uint32_t* pDynamicOffsets = {})",,,,
125,0,"vkCmdBindDescriptorSets(VkPipelineBindPoint pipelineBindPoint = VK_PIPELINE_BIND_POINT_GRAPHICS, VkPipelineLayout layout = '0x00005aecefc386c0', uint32_t firstSet = 1, uint32_t descriptorSetCount = 1, const VkDescriptorSet* pDescriptorSets = { '0x00005aecefa4f480' }, uint32_t dynamicOffsetCount = 0, const uint32_t* pDynamicOffsets = {})",,,,
126,0,"vkCmdDrawMeshTasksIndirectCountEXT(VkBuffer buffer = '0x00005aecf013eb00', VkDeviceSize offset = 840000, VkBuffer countBuffer = '0x00005aeceff96b70', VkDeviceSize countBufferOffset = 28, uint32_t maxDrawCount = 10000, uint32_t stride = 12)",2.48ms,2.50ms,0.02ms,
127,0,"vkCmdPipelineBarrier(VkPipelineStageFlags srcStageMask = VK_PIPELINE_STAGE_LATE_FRAGMENT_TESTS_BIT, VkPipelineStageFlags dstStageMask = VK_PIPELINE_STAGE_EARLY_FRAGMENT_TESTS_BIT, VkDependencyFlags dependencyFlags = , uint32_t memoryBarrierCount = 0, const VkMemoryBarrier* pMemoryBarriers = {}, uint32_t bufferMemoryBarrierCount = 0, const VkBufferMemoryBarrier* pBufferMemoryBarriers = {}, uint32_t imageMemoryBarrierCount = 1, const VkImageMemoryBarrier* pImageMemoryBarriers = { { .srcAccessMask = VK_ACCESS_DEPTH_STENCIL_ATTACHMENT_WRITE_BIT, .dstAccessMask = VK_ACCESS_DEPTH_STENCIL_ATTACHMENT_READ_BIT | VK_ACCESS_DEPTH_STENCIL_ATTACHMENT_WRITE_BIT, .oldLayout = VK_IMAGE_LAYOUT_DEPTH_STENCIL_ATTACHMENT_OPTIMAL, .newLayout = VK_IMAGE_LAYOUT_DEPTH_STENCIL_ATTACHMENT_OPTIMAL, .srcQueueFamilyIndex = 4294967295, .dstQueueFamilyIndex = 4294967295, .image = '0x00005aecefa39e40' } })",2.50ms,2.50ms,<0.01ms,
128,0,"vkCmdBindPipeline(VkPipelineBindPoint pipelineBindPoint = VK_PIPELINE_BIND_POINT_GRAPHICS, VkPipeline pipeline = '0x00005aecefc5b1b0')",,,,
129,0,"vkCmdBindDescriptorSets(VkPipelineBindPoint pipelineBindPoint = VK_PIPELINE_BIND_POINT_GRAPHICS, VkPipelineLayout layout = '0x00005aecefa8e9a0', uint32_t firstSet = 0, uint32_t descriptorSetCount = 1, const VkDescriptorSet* pDescriptorSets = { '0x00005aecf0537158' }, uint32_t dynamicOffsetCount = 0, const uint32_t* pDynamicOffsets = {})",,,,
130,0,"vkCmdBindDescriptorSets(VkPipelineBindPoint pipelineBindPoint = VK_PIPELINE_BIND_POINT_GRAPHICS, VkPipelineLayout layout = '0x00005aecefa8e9a0', uint32_t firstSet = 2, uint32_t descriptorSetCount = 1, const VkDescriptorSet* pDescriptorSets = { '0x00005aecf05529e0' }, uint32_t dynamicOffsetCount = 0, const uint32_t* pDynamicOffsets = {})",,,,
131,0,"vkCmdBindDescriptorSets(VkPipelineBindPoint pipelineBindPoint = VK_PIPELINE_BIND_POINT_GRAPHICS, VkPipelineLayout layout = '0x00005aecefa8e9a0', uint32_t firstSet = 1, uint32_t descriptorSetCount = 1, const VkDescriptorSet* pDescriptorSets = { '0x00005aecefa4f480' }, uint32_t dynamicOffsetCount = 0, const uint32_t* pDynamicOffsets = {})",,,,
132,0,"vkCmdDrawMeshTasksIndirectCountEXT(VkBuffer buffer = '0x00005aecf013eb00', VkDeviceSize offset = 480000, VkBuffer countBuffer = '0x00005aeceff96b70', VkDeviceSize countBufferOffset = 16, uint32_t maxDrawCount = 10000, uint32_t stride = 12)",2.50ms,2.59ms,0.08ms,
133,0,"vkCmdBindPipeline(VkPipelineBindPoint pipelineBindPoint = VK_PIPELINE_BIND_POINT_GRAPHICS, VkPipeline pipeline = '0x00005aecefc1c090')",,,,
134,0,"vkCmdBindDescriptorSets(VkPipelineBindPoint pipelineBindPoint = VK_PIPELINE_BIND_POINT_GRAPHICS, VkPipelineLayout layout = '0x00005aecefc386c0', uint32_t firstSet = 0, uint32_t descriptorSetCount = 1, const VkDescriptorSet* pDescriptorSets = { '0x00005aecf0537158' }, uint32_t dynamicOffsetCount = 0, const uint32_t* pDynamicOffsets = {})",,,,
135,0,"vkCmdBindDescriptorSets(VkPipelineBindPoint pipelineBindPoint = VK_PIPELINE_BIND_POINT_GRAPHICS, VkPipelineLayout layout = '0x00005aecefc386c0', uint32_t firstSet = 2, uint32_t descriptorSetCount = 1, const VkDescriptorSet* pDescriptorSets = { '0x00005aecf05529e0' }, uint32_t dynamicOffsetCount = 0, const uint32_t* pDynamicOffsets = {})",,,,
136,0,"vkCmdBindDescriptorSets(VkPipelineBindPoint pipelineBindPoint = VK_PIPELINE_BIND_POINT_GRAPHICS, VkPipelineLayout layout = '0x00005aecefc386c0', uint32_t firstSet = 1, uint32_t descriptorSetCount = 1, const VkDescriptorSet* pDescriptorSets = { '0x00005aecefa4f480' }, uint32_t dynamicOffsetCount = 0, const uint32_t* pDynamicOffsets = {})",,,,
137,0,"vkCmdDrawMeshTasksIndirectCountEXT(VkBuffer buffer = '0x00005aecf013eb00', VkDeviceSize offset = 840000, VkBuffer countBuffer = '0x00005aeceff96b70', VkDeviceSize countBufferOffset = 28, uint32_t maxDrawCount = 10000, uint32_t stride = 12)",2.59ms,2.60ms,0.02ms,
138,0,"vkCmdBindPipeline(VkPipelineBindPoint pipelineBindPoint = VK_PIPELINE_BIND_POINT_GRAPHICS, VkPipeline pipeline = '0x00005aecefc18490')",,,,
139,0,"vkCmdBindDescriptorSets(VkPipelineBindPoint pipelineBindPoint = VK_PIPELINE_BIND_POINT_GRAPHICS, VkPipelineLayout layout = '0x00005aecefc8e9c0', uint32_t firstSet = 0, uint32_t descriptorSetCount = 1, const VkDescriptorSet* pDescriptorSets = { '0x00005aecf0537158' }, uint32_t dynamicOffsetCount = 0, const uint32_t* pDynamicOffsets = {})",,,,
140,0,"vkCmdBindDescriptorSets(VkPipelineBindPoint pipelineBindPoint = VK_PIPELINE_BIND_POINT_GRAPHICS, VkPipelineLayout layout = '0x00005aecefc8e9c0', uint32_t firstSet = 2, uint32_t descriptorSetCount = 1, const VkDescriptorSet* pDescriptorSets = { '0x00005aecf05529e0' }, uint32_t dynamicOffsetCount = 0, const uint32_t* pDynamicOffsets = {})",,,,
141,0,"vkCmdBindDescriptorSets(VkPipelineBindPoint pipelineBindPoint = VK_PIPELINE_BIND_POINT_GRAPHICS, VkPipelineLayout layout = '0x00005aecefc8e9c0', uint32_t firstSet = 1, uint32_t descriptorSetCount = 1, const VkDescriptorSet* pDescriptorSets = { '0x00005aecefa4f480' }, uint32_t dynamicOffsetCount = 0, const uint32_t* pDynamicOffsets = {})",,,,
142,0,"vkCmdDrawMeshTasksIndirectCountEXT(VkBuffer buffer = '0x00005aecf013eb00', VkDeviceSize offset = 600000, VkBuffer countBuffer = '0x00005aeceff96b70', VkDeviceSize countBufferOffset = 20, uint32_t maxDrawCount = 10000, uint32_t stride = 12)",2.60ms,2.61ms,<0.01ms,
143,0,"vkCmdBindPipeline(VkPipelineBindPoint pipelineBindPoint = VK_PIPELINE_BIND_POINT_GRAPHICS, VkPipeline pipeline = '0x00005aecefc1d3f0')",,,,
144,0,"vkCmdBindDescriptorSets(VkPipelineBindPoint pipelineBindPoint = VK_PIPELINE_BIND_POINT_GRAPHICS, VkPipelineLayout layout = '0x00005aecefc22920', uint32_t firstSet = 0, uint32_t descriptorSetCount = 1, const VkDescriptorSet* pDescriptorSets = { '0x00005aecf0537158' }, uint32_t dynamicOffsetCount = 0, const uint32_t* pDynamicOffsets = {})",,,,
145,0,"vkCmdBindDescriptorSets(VkPipelineBindPoint pipelineBindPoint = VK_PIPELINE_BIND_POINT_GRAPHICS, VkPipelineLayout layout = '0x00005aecefc22920', uint32_t firstSet = 2, uint32_t descriptorSetCount = 1, const VkDescriptorSet* pDescriptorSets = { '0x00005aecf05529e0' }, uint32_t dynamicOffsetCount = 0, const uint32_t* pDynamicOffsets = {})",,,,
146,0,"vkCmdBindDescriptorSets(VkPipelineBindPoint pipelineBindPoint = VK_PIPELINE_BIND_POINT_GRAPHICS, VkPipelineLayout layout = '0x00005aecefc22920', uint32_t firstSet = 1, uint32_t descriptorSetCount = 1, const VkDescriptorSet* pDescriptorSets = { '0x00005aecefa4f480' }, uint32_t dynamicOffsetCount = 0, const uint32_t* pDynamicOffsets = {})",,,,
147,0,"vkCmdDrawMeshTasksIndirectCountEXT(VkBuffer buffer = '0x00005aecf013eb00', VkDeviceSize offset = 720000, VkBuffer countBuffer = '0x00005aeceff96b70', VkDeviceSize countBufferOffset = 24, uint32_t maxDrawCount = 10000, uint32_t stride = 12)",2.61ms,2.62ms,0.01ms,
148,0,"vkCmdPipelineBarrier(VkPipelineStageFlags srcStageMask = VK_PIPELINE_STAGE_COLOR_ATTACHMENT_OUTPUT_BIT, VkPipelineStageFlags dstStageMask = VK_PIPELINE_STAGE_FRAGMENT_SHADER_BIT, VkDependencyFlags dependencyFlags = , uint32_t memoryBarrierCount = 0, const VkMemoryBarrier* pMemoryBarriers = {}, uint32_t bufferMemoryBarrierCount = 0, const VkBufferMemoryBarrier* pBufferMemoryBarriers = {}, uint32_t imageMemoryBarrierCount = 1, const VkImageMemoryBarrier* pImageMemoryBarriers = { { .srcAccessMask = VK_ACCESS_COLOR_ATTACHMENT_WRITE_BIT, .dstAccessMask = VK_ACCESS_SHADER_READ_BIT, .oldLayout = VK_IMAGE_LAYOUT_COLOR_ATTACHMENT_OPTIMAL, .newLayout = VK_IMAGE_LAYOUT_SHADER_READ_ONLY_OPTIMAL, .srcQueueFamilyIndex = 4294967295, .dstQueueFamilyIndex = 4294967295, .image = '0x00005aecf05df250' } })",2.62ms,2.62ms,<0.01ms,
149,0,"vkCmdPipelineBarrier(VkPipelineStageFlags srcStageMask = VK_PIPELINE_STAGE_LATE_FRAGMENT_TESTS_BIT, VkPipelineStageFlags dstStageMask = VK_PIPELINE_STAGE_EARLY_FRAGMENT_TESTS_BIT | VK_PIPELINE_STAGE_LATE_FRAGMENT_TESTS_BIT, VkDependencyFlags dependencyFlags = , uint32_t memoryBarrierCount = 0, const VkMemoryBarrier* pMemoryBarriers = {}, uint32_t bufferMemoryBarrierCount = 0, const VkBufferMemoryBarrier* pBufferMemoryBarriers = {}, uint32_t imageMemoryBarrierCount = 1, const VkImageMemoryBarrier* pImageMemoryBarriers = { { .srcAccessMask = VK_ACCESS_DEPTH_STENCIL_ATTACHMENT_WRITE_BIT, .dstAccessMask = VK_ACCESS_DEPTH_STENCIL_ATTACHMENT_READ_BIT, .oldLayout = VK_IMAGE_LAYOUT_DEPTH_STENCIL_ATTACHMENT_OPTIMAL, .newLayout = VK_IMAGE_LAYOUT_DEPTH_STENCIL_ATTACHMENT_OPTIMAL, .srcQueueFamilyIndex = 4294967295, .dstQueueFamilyIndex = 4294967295, .image = '0x00005aecefa39e40' } })",2.62ms,2.62ms,<0.01ms,
150,0,"vkCmdPipelineBarrier(VkPipelineStageFlags srcStageMask = VK_PIPELINE_STAGE_EARLY_FRAGMENT_TESTS_BIT, VkPipelineStageFlags dstStageMask = VK_PIPELINE_STAGE_EARLY_FRAGMENT_TESTS_BIT | VK_PIPELINE_STAGE_LATE_FRAGMENT_TESTS_BIT, VkDependencyFlags dependencyFlags = , uint32_t memoryBarrierCount = 0, const VkMemoryBarrier* pMemoryBarriers = {}, uint32_t bufferMemoryBarrierCount = 0, const VkBufferMemoryBarrier* pBufferMemoryBarriers = {}, uint32_t imageMemoryBarrierCount = 1, const VkImageMemoryBarrier* pImageMemoryBarriers = { { .srcAccessMask = VK_ACCESS_NONE, .dstAccessMask = VK_ACCESS_DEPTH_STENCIL_ATTACHMENT_WRITE_BIT, .oldLayout = VK_IMAGE_LAYOUT_SHADER_READ_ONLY_OPTIMAL, .newLayout = VK_IMAGE_LAYOUT_DEPTH_STENCIL_ATTACHMENT_OPTIMAL, .srcQueueFamilyIndex = 4294967295, .dstQueueFamilyIndex = 4294967295, .image = '0x00005aecef9c2420' } })",2.62ms,2.64ms,0.01ms,
151,0,"vkCmdPipelineBarrier(VkPipelineStageFlags srcStageMask = VK_PIPELINE_STAGE_LATE_FRAGMENT_TESTS_BIT, VkPipelineStageFlags dstStageMask = VK_PIPELINE_STAGE_COMPUTE_SHADER_BIT, VkDependencyFlags dependencyFlags = , uint32_t memoryBarrierCount = 0, const VkMemoryBarrier* pMemoryBarriers = {}, uint32_t bufferMemoryBarrierCount = 0, const VkBufferMemoryBarrier* pBufferMemoryBarriers = {}, uint32_t imageMemoryBarrierCount = 1, const VkImageMemoryBarrier* pImageMemoryBarriers = { { .srcAccessMask = VK_ACCESS_DEPTH_STENCIL_ATTACHMENT_WRITE_BIT, .dstAccessMask = VK_ACCESS_SHADER_READ_BIT, .oldLayout = VK_IMAGE_LAYOUT_DEPTH_STENCIL_ATTACHMENT_OPTIMAL, .newLayout = VK_IMAGE_LAYOUT_SHADER_READ_ONLY_OPTIMAL, .srcQueueFamilyIndex = 4294967295, .dstQueueFamilyIndex = 4294967295, .image = '0x00005aecef9c2420' } })",2.64ms,2.64ms,<0.01ms,
152,0,"vkCmdBindPipeline(VkPipelineBindPoint pipelineBindPoint = VK_PIPELINE_BIND_POINT_GRAPHICS, VkPipeline pipeline = '0x00005aecf0392d80')",,,,
153,0,"vkCmdBindDescriptorSets(VkPipelineBindPoint pipelineBindPoint = VK_PIPELINE_BIND_POINT_GRAPHICS, VkPipelineLayout layout = '0x00005aecf0203a10', uint32_t firstSet = 0, uint32_t descriptorSetCount = 1, const VkDescriptorSet* pDescriptorSets = { '0x00005aecf053c120' }, uint32_t dynamicOffsetCount = 0, const uint32_t* pDynamicOffsets = {})",,,,
154 - 156,0,vkCmdDraw (52-53),2.64ms,2.68ms,0.04ms,
154,0,"vkCmdDraw(uint32_t vertexCount = 3, uint32_t instanceCount = 1, uint32_t firstVertex = 0, uint32_t firstInstance = 0)",,,,
155,0,"vkCmdBindDescriptorSets(VkPipelineBindPoint pipelineBindPoint = VK_PIPELINE_BIND_POINT_GRAPHICS, VkPipelineLayout layout = '0x00005aecf0203a10', uint32_t firstSet = 0, uint32_t descriptorSetCount = 1, const VkDescriptorSet* pDescriptorSets = { '0x00005aecf053c498' }, uint32_t dynamicOffsetCount = 0, const uint32_t* pDynamicOffsets = {})",,,,
156,0,"vkCmdDraw(uint32_t vertexCount = 3, uint32_t instanceCount = 1, uint32_t firstVertex = 0, uint32_t firstInstance = 0)",,,,
157,0,"vkCmdPipelineBarrier(VkPipelineStageFlags srcStageMask = VK_PIPELINE_STAGE_COLOR_ATTACHMENT_OUTPUT_BIT, VkPipelineStageFlags dstStageMask = VK_PIPELINE_STAGE_BOTTOM_OF_PIPE_BIT, VkDependencyFlags dependencyFlags = , uint32_t memoryBarrierCount = 0, const VkMemoryBarrier* pMemoryBarriers = {}, uint32_t bufferMemoryBarrierCount = 0, const VkBufferMemoryBarrier* pBufferMemoryBarriers = {}, uint32_t imageMemoryBarrierCount = 1, const VkImageMemoryBarrier* pImageMemoryBarriers = { { .srcAccessMask = VK_ACCESS_COLOR_ATTACHMENT_WRITE_BIT, .dstAccessMask = VK_ACCESS_NONE, .oldLayout = VK_IMAGE_LAYOUT_COLOR_ATTACHMENT_OPTIMAL, .newLayout = VK_IMAGE_LAYOUT_PRESENT_SRC_KHR, .srcQueueFamilyIndex = 4294967295, .dstQueueFamilyIndex = 4294967295, .image = '0x00005aecef9c3ac0' } })",2.68ms,2.68ms,<0.01ms,
158,0,"vkQueuePresentKHR(const VkPresentInfoKHR* pPresentInfo = { .waitSemaphoreCount = 1, .pWaitSemaphores = { '0x00005aecefe14280' }, .swapchainCount = 1, .pSwapchains = { { .Handle = '0x00005aeceee4af10', .width = 2560, .height = 1368, .imageCount = 4, .presentMode = ""VK_PRESENT_MODE_IMMEDIATE_KHR"", .imageFormat = ""VK_FORMAT_B8G8R8A8_SRGB"" } }, .pImageIndices = { 0 } })",2.70ms,2.74ms,0.03ms,
159 - 260,,Vulkan Compute Q:1,,,,
159 - 241,-1,"vkQueueSubmit(uint32_t submitCount = 1, const VkSubmitInfo* pSubmits = { { .pNext = { .waitSemaphoreValueCount = 1, .pWaitSemaphoreValues = { 3104 }, .signalSemaphoreValueCount = 1, .pSignalSemaphoreValues = { 3104 } }, .waitSemaphoreCount = 1, .pWaitSemaphores = { '0x00005aecf02a1a20' }, .pWaitDstStageMask = { VK_PIPELINE_STAGE_COMPUTE_SHADER_BIT }, .commandBufferCount = 1, .pCommandBuffers = { '0x00005aecef57f7c0' }, .signalSemaphoreCount = 1, .pSignalSemaphores = { '0x00005aecf04a4ff0' } } }, VkFence fence = 'VK_NULL_HANDLE')",-2.52ms,0.13ms,2.65ms,
160 - 241,-1,VkCommandBuffer (1),-0.05ms,0.13ms,0.18ms,
160,-1,"vkCmdPipelineBarrier(VkPipelineStageFlags srcStageMask = VK_PIPELINE_STAGE_COMPUTE_SHADER_BIT, VkPipelineStageFlags dstStageMask = VK_PIPELINE_STAGE_COMPUTE_SHADER_BIT, VkDependencyFlags dependencyFlags = , uint32_t memoryBarrierCount = 0, const VkMemoryBarrier* pMemoryBarriers = {}, uint32_t bufferMemoryBarrierCount = 0, const VkBufferMemoryBarrier* pBufferMemoryBarriers = {}, uint32_t imageMemoryBarrierCount = 1, const VkImageMemoryBarrier* pImageMemoryBarriers = { { .srcAccessMask = VK_ACCESS_NONE, .dstAccessMask = VK_ACCESS_SHADER_WRITE_BIT, .oldLayout = VK_IMAGE_LAYOUT_SHADER_READ_ONLY_OPTIMAL, .newLayout = VK_IMAGE_LAYOUT_GENERAL, .srcQueueFamilyIndex = 4294967295, .dstQueueFamilyIndex = 4294967295, .image = '0x00005aecf06369d0' } })",-0.05ms,-0.05ms,<0.01ms,
161,-1,"vkCmdBindPipeline(VkPipelineBindPoint pipelineBindPoint = VK_PIPELINE_BIND_POINT_COMPUTE, VkPipeline pipeline = '0x00005aecf01357c0')",,,,
162,-1,"vkCmdBindDescriptorSets(VkPipelineBindPoint pipelineBindPoint = VK_PIPELINE_BIND_POINT_COMPUTE, VkPipelineLayout layout = '0x00005aecf0393f80', uint32_t firstSet = 0, uint32_t descriptorSetCount = 1, const VkDescriptorSet* pDescriptorSets = { '0x00005aecf053cf00' }, uint32_t dynamicOffsetCount = 0, const uint32_t* pDynamicOffsets = {})",,,,
163,-1,"vkCmdDispatch(uint32_t groupCountX = 160, uint32_t groupCountY = 86, uint32_t groupCountZ = 1)",-0.05ms,-0.02ms,0.03ms,
164,-1,"vkCmdPipelineBarrier(VkPipelineStageFlags srcStageMask = VK_PIPELINE_STAGE_COMPUTE_SHADER_BIT, VkPipelineStageFlags dstStageMask = VK_PIPELINE_STAGE_COMPUTE_SHADER_BIT, VkDependencyFlags dependencyFlags = , uint32_t memoryBarrierCount = 1, const VkMemoryBarrier* pMemoryBarriers = { { .srcAccessMask = VK_ACCESS_SHADER_WRITE_BIT, .dstAccessMask = VK_ACCESS_SHADER_READ_BIT } }, uint32_t bufferMemoryBarrierCount = 0, const VkBufferMemoryBarrier* pBufferMemoryBarriers = {}, uint32_t imageMemoryBarrierCount = 0, const VkImageMemoryBarrier* pImageMemoryBarriers = {})",-0.02ms,-0.02ms,<0.01ms,
165,-1,"vkCmdBindPipeline(VkPipelineBindPoint pipelineBindPoint = VK_PIPELINE_BIND_POINT_COMPUTE, VkPipeline pipeline = '0x00005aecefd35410')",,,,
166,-1,"vkCmdBindDescriptorSets(VkPipelineBindPoint pipelineBindPoint = VK_PIPELINE_BIND_POINT_COMPUTE, VkPipelineLayout layout = '0x00005aecf0393f80', uint32_t firstSet = 0, uint32_t descriptorSetCount = 1, const VkDescriptorSet* pDescriptorSets = { '0x00005aecf053d278' }, uint32_t dynamicOffsetCount = 0, const uint32_t* pDynamicOffsets = {})",,,,
167,-1,"vkCmdDispatch(uint32_t groupCountX = 80, uint32_t groupCountY = 43, uint32_t groupCountZ = 1)",-0.02ms,-<0.01ms,0.01ms,
168,-1,"vkCmdPipelineBarrier(VkPipelineStageFlags srcStageMask = VK_PIPELINE_STAGE_COMPUTE_SHADER_BIT, VkPipelineStageFlags dstStageMask = VK_PIPELINE_STAGE_COMPUTE_SHADER_BIT, VkDependencyFlags dependencyFlags = , uint32_t memoryBarrierCount = 1, const VkMemoryBarrier* pMemoryBarriers = { { .srcAccessMask = VK_ACCESS_SHADER_WRITE_BIT, .dstAccessMask = VK_ACCESS_SHADER_READ_BIT } }, uint32_t bufferMemoryBarrierCount = 0, const VkBufferMemoryBarrier* pBufferMemoryBarriers = {}, uint32_t imageMemoryBarrierCount = 0, const VkImageMemoryBarrier* pImageMemoryBarriers = {})",-<0.01ms,-<0.01ms,<0.01ms,
169,-1,"vkCmdBindPipeline(VkPipelineBindPoint pipelineBindPoint = VK_PIPELINE_BIND_POINT_COMPUTE, VkPipeline pipeline = '0x00005aecefd35410')",,,,
170,-1,"vkCmdBindDescriptorSets(VkPipelineBindPoint pipelineBindPoint = VK_PIPELINE_BIND_POINT_COMPUTE, VkPipelineLayout layout = '0x00005aecf0393f80', uint32_t firstSet = 0, uint32_t descriptorSetCount = 1, const VkDescriptorSet* pDescriptorSets = { '0x00005aecf053d5f0' }, uint32_t dynamicOffsetCount = 0, const uint32_t* pDynamicOffsets = {})",,,,
171,-1,"vkCmdDispatch(uint32_t groupCountX = 40, uint32_t groupCountY = 22, uint32_t groupCountZ = 1)",-<0.01ms,<0.01ms,<0.01ms,
172,0,"vkCmdPipelineBarrier(VkPipelineStageFlags srcStageMask = VK_PIPELINE_STAGE_COMPUTE_SHADER_BIT, VkPipelineStageFlags dstStageMask = VK_PIPELINE_STAGE_COMPUTE_SHADER_BIT, VkDependencyFlags dependencyFlags = , uint32_t memoryBarrierCount = 1, const VkMemoryBarrier* pMemoryBarriers = { { .srcAccessMask = VK_ACCESS_SHADER_WRITE_BIT, .dstAccessMask = VK_ACCESS_SHADER_READ_BIT } }, uint32_t bufferMemoryBarrierCount = 0, const VkBufferMemoryBarrier* pBufferMemoryBarriers = {}, uint32_t imageMemoryBarrierCount = 0, const VkImageMemoryBarrier* pImageMemoryBarriers = {})",<0.01ms,<0.01ms,<0.01ms,
173,0,"vkCmdBindPipeline(VkPipelineBindPoint pipelineBindPoint = VK_PIPELINE_BIND_POINT_COMPUTE, VkPipeline pipeline = '0x00005aecefd35410')",,,,
174,0,"vkCmdBindDescriptorSets(VkPipelineBindPoint pipelineBindPoint = VK_PIPELINE_BIND_POINT_COMPUTE, VkPipelineLayout layout = '0x00005aecf0393f80', uint32_t firstSet = 0, uint32_t descriptorSetCount = 1, const VkDescriptorSet* pDescriptorSets = { '0x00005aecf053d968' }, uint32_t dynamicOffsetCount = 0, const uint32_t* pDynamicOffsets = {})",,,,
175,0,"vkCmdDispatch(uint32_t groupCountX = 20, uint32_t groupCountY = 11, uint32_t groupCountZ = 1)",<0.01ms,<0.01ms,<0.01ms,
176,0,"vkCmdPipelineBarrier(VkPipelineStageFlags srcStageMask = VK_PIPELINE_STAGE_COMPUTE_SHADER_BIT, VkPipelineStageFlags dstStageMask = VK_PIPELINE_STAGE_COMPUTE_SHADER_BIT, VkDependencyFlags dependencyFlags = , uint32_t memoryBarrierCount = 1, const VkMemoryBarrier* pMemoryBarriers = { { .srcAccessMask = VK_ACCESS_SHADER_WRITE_BIT, .dstAccessMask = VK_ACCESS_SHADER_READ_BIT } }, uint32_t bufferMemoryBarrierCount = 0, const VkBufferMemoryBarrier* pBufferMemoryBarriers = {}, uint32_t imageMemoryBarrierCount = 0, const VkImageMemoryBarrier* pImageMemoryBarriers = {})",<0.01ms,0.01ms,<0.01ms,
177,0,"vkCmdBindPipeline(VkPipelineBindPoint pipelineBindPoint = VK_PIPELINE_BIND_POINT_COMPUTE, VkPipeline pipeline = '0x00005aecefd35410')",,,,
178,0,"vkCmdBindDescriptorSets(VkPipelineBindPoint pipelineBindPoint = VK_PIPELINE_BIND_POINT_COMPUTE, VkPipelineLayout layout = '0x00005aecf0393f80', uint32_t firstSet = 0, uint32_t descriptorSetCount = 1, const VkDescriptorSet* pDescriptorSets = { '0x00005aecf053dce0' }, uint32_t dynamicOffsetCount = 0, const uint32_t* pDynamicOffsets = {})",,,,
179,0,"vkCmdDispatch(uint32_t groupCountX = 10, uint32_t groupCountY = 6, uint32_t groupCountZ = 1)",0.01ms,0.02ms,<0.01ms,
180,0,"vkCmdPipelineBarrier(VkPipelineStageFlags srcStageMask = VK_PIPELINE_STAGE_COMPUTE_SHADER_BIT, VkPipelineStageFlags dstStageMask = VK_PIPELINE_STAGE_COMPUTE_SHADER_BIT, VkDependencyFlags dependencyFlags = , uint32_t memoryBarrierCount = 1, const VkMemoryBarrier* pMemoryBarriers = { { .srcAccessMask = VK_ACCESS_SHADER_WRITE_BIT, .dstAccessMask = VK_ACCESS_SHADER_READ_BIT } }, uint32_t bufferMemoryBarrierCount = 0, const VkBufferMemoryBarrier* pBufferMemoryBarriers = {}, uint32_t imageMemoryBarrierCount = 0, const VkImageMemoryBarrier* pImageMemoryBarriers = {})",0.02ms,0.02ms,<0.01ms,
181,0,"vkCmdBindPipeline(VkPipelineBindPoint pipelineBindPoint = VK_PIPELINE_BIND_POINT_COMPUTE, VkPipeline pipeline = '0x00005aecefd35410')",,,,
182,0,"vkCmdBindDescriptorSets(VkPipelineBindPoint pipelineBindPoint = VK_PIPELINE_BIND_POINT_COMPUTE, VkPipelineLayout layout = '0x00005aecf0393f80', uint32_t firstSet = 0, uint32_t descriptorSetCount = 1, const VkDescriptorSet* pDescriptorSets = { '0x00005aecf053e058' }, uint32_t dynamicOffsetCount = 0, const uint32_t* pDynamicOffsets = {})",,,,
183,0,"vkCmdDispatch(uint32_t groupCountX = 5, uint32_t groupCountY = 3, uint32_t groupCountZ = 1)",0.02ms,0.03ms,<0.01ms,
184,0,"vkCmdPipelineBarrier(VkPipelineStageFlags srcStageMask = VK_PIPELINE_STAGE_COMPUTE_SHADER_BIT, VkPipelineStageFlags dstStageMask = VK_PIPELINE_STAGE_COMPUTE_SHADER_BIT, VkDependencyFlags dependencyFlags = , uint32_t memoryBarrierCount = 1, const VkMemoryBarrier* pMemoryBarriers = { { .srcAccessMask = VK_ACCESS_SHADER_WRITE_BIT, .dstAccessMask = VK_ACCESS_SHADER_READ_BIT } }, uint32_t bufferMemoryBarrierCount = 0, const VkBufferMemoryBarrier* pBufferMemoryBarriers = {}, uint32_t imageMemoryBarrierCount = 0, const VkImageMemoryBarrier* pImageMemoryBarriers = {})",0.03ms,0.03ms,<0.01ms,
185,0,"vkCmdBindPipeline(VkPipelineBindPoint pipelineBindPoint = VK_PIPELINE_BIND_POINT_COMPUTE, VkPipeline pipeline = '0x00005aecefd35410')",,,,
186,0,"vkCmdBindDescriptorSets(VkPipelineBindPoint pipelineBindPoint = VK_PIPELINE_BIND_POINT_COMPUTE, VkPipelineLayout layout = '0x00005aecf0393f80', uint32_t firstSet = 0, uint32_t descriptorSetCount = 1, const VkDescriptorSet* pDescriptorSets = { '0x00005aecf053e3d0' }, uint32_t dynamicOffsetCount = 0, const uint32_t* pDynamicOffsets = {})",,,,
187,0,"vkCmdDispatch(uint32_t groupCountX = 3, uint32_t groupCountY = 2, uint32_t groupCountZ = 1)",0.03ms,0.03ms,<0.01ms,
188,0,"vkCmdPipelineBarrier(VkPipelineStageFlags srcStageMask = VK_PIPELINE_STAGE_COMPUTE_SHADER_BIT, VkPipelineStageFlags dstStageMask = VK_PIPELINE_STAGE_COMPUTE_SHADER_BIT, VkDependencyFlags dependencyFlags = , uint32_t memoryBarrierCount = 1, const VkMemoryBarrier* pMemoryBarriers = { { .srcAccessMask = VK_ACCESS_SHADER_WRITE_BIT, .dstAccessMask = VK_ACCESS_SHADER_READ_BIT } }, uint32_t bufferMemoryBarrierCount = 0, const VkBufferMemoryBarrier* pBufferMemoryBarriers = {}, uint32_t imageMemoryBarrierCount = 0, const VkImageMemoryBarrier* pImageMemoryBarriers = {})",0.03ms,0.04ms,<0.01ms,
189,0,"vkCmdBindPipeline(VkPipelineBindPoint pipelineBindPoint = VK_PIPELINE_BIND_POINT_COMPUTE, VkPipeline pipeline = '0x00005aecefd35410')",,,,
190,0,"vkCmdBindDescriptorSets(VkPipelineBindPoint pipelineBindPoint = VK_PIPELINE_BIND_POINT_COMPUTE, VkPipelineLayout layout = '0x00005aecf0393f80', uint32_t firstSet = 0, uint32_t descriptorSetCount = 1, const VkDescriptorSet* pDescriptorSets = { '0x00005aecf053e748' }, uint32_t dynamicOffsetCount = 0, const uint32_t* pDynamicOffsets = {})",,,,
191,0,"vkCmdDispatch(uint32_t groupCountX = 2, uint32_t groupCountY = 1, uint32_t groupCountZ = 1)",0.04ms,0.04ms,<0.01ms,
192,0,"vkCmdPipelineBarrier(VkPipelineStageFlags srcStageMask = VK_PIPELINE_STAGE_COMPUTE_SHADER_BIT, VkPipelineStageFlags dstStageMask = VK_PIPELINE_STAGE_COMPUTE_SHADER_BIT, VkDependencyFlags dependencyFlags = , uint32_t memoryBarrierCount = 1, const VkMemoryBarrier* pMemoryBarriers = { { .srcAccessMask = VK_ACCESS_SHADER_WRITE_BIT, .dstAccessMask = VK_ACCESS_SHADER_READ_BIT } }, uint32_t bufferMemoryBarrierCount = 0, const VkBufferMemoryBarrier* pBufferMemoryBarriers = {}, uint32_t imageMemoryBarrierCount = 0, const VkImageMemoryBarrier* pImageMemoryBarriers = {})",0.04ms,0.04ms,<0.01ms,
193,0,"vkCmdBindPipeline(VkPipelineBindPoint pipelineBindPoint = VK_PIPELINE_BIND_POINT_COMPUTE, VkPipeline pipeline = '0x00005aecefd35410')",,,,
194,0,"vkCmdBindDescriptorSets(VkPipelineBindPoint pipelineBindPoint = VK_PIPELINE_BIND_POINT_COMPUTE, VkPipelineLayout layout = '0x00005aecf0393f80', uint32_t firstSet = 0, uint32_t descriptorSetCount = 1, const VkDescriptorSet* pDescriptorSets = { '0x00005aecf053eac0' }, uint32_t dynamicOffsetCount = 0, const uint32_t* pDynamicOffsets = {})",,,,
195,0,"vkCmdDispatch(uint32_t groupCountX = 1, uint32_t groupCountY = 1, uint32_t groupCountZ = 1)",0.04ms,0.05ms,<0.01ms,
196,0,"vkCmdPipelineBarrier(VkPipelineStageFlags srcStageMask = VK_PIPELINE_STAGE_COMPUTE_SHADER_BIT, VkPipelineStageFlags dstStageMask = VK_PIPELINE_STAGE_COMPUTE_SHADER_BIT, VkDependencyFlags dependencyFlags = , uint32_t memoryBarrierCount = 1, const VkMemoryBarrier* pMemoryBarriers = { { .srcAccessMask = VK_ACCESS_SHADER_WRITE_BIT, .dstAccessMask = VK_ACCESS_SHADER_READ_BIT } }, uint32_t bufferMemoryBarrierCount = 0, const VkBufferMemoryBarrier* pBufferMemoryBarriers = {}, uint32_t imageMemoryBarrierCount = 0, const VkImageMemoryBarrier* pImageMemoryBarriers = {})",0.05ms,0.05ms,<0.01ms,
197,0,"vkCmdBindPipeline(VkPipelineBindPoint pipelineBindPoint = VK_PIPELINE_BIND_POINT_COMPUTE, VkPipeline pipeline = '0x00005aecefd35410')",,,,
198,0,"vkCmdBindDescriptorSets(VkPipelineBindPoint pipelineBindPoint = VK_PIPELINE_BIND_POINT_COMPUTE, VkPipelineLayout layout = '0x00005aecf0393f80', uint32_t firstSet = 0, uint32_t descriptorSetCount = 1, const VkDescriptorSet* pDescriptorSets = { '0x00005aecf053ee38' }, uint32_t dynamicOffsetCount = 0, const uint32_t* pDynamicOffsets = {})",,,,
199,0,"vkCmdDispatch(uint32_t groupCountX = 1, uint32_t groupCountY = 1, uint32_t groupCountZ = 1)",0.05ms,0.06ms,<0.01ms,
200,0,"vkCmdPipelineBarrier(VkPipelineStageFlags srcStageMask = VK_PIPELINE_STAGE_COMPUTE_SHADER_BIT, VkPipelineStageFlags dstStageMask = VK_PIPELINE_STAGE_COMPUTE_SHADER_BIT, VkDependencyFlags dependencyFlags = , uint32_t memoryBarrierCount = 1, const VkMemoryBarrier* pMemoryBarriers = { { .srcAccessMask = VK_ACCESS_SHADER_WRITE_BIT, .dstAccessMask = VK_ACCESS_SHADER_READ_BIT } }, uint32_t bufferMemoryBarrierCount = 0, const VkBufferMemoryBarrier* pBufferMemoryBarriers = {}, uint32_t imageMemoryBarrierCount = 0, const VkImageMemoryBarrier* pImageMemoryBarriers = {})",0.06ms,0.06ms,<0.01ms,
201,0,"vkCmdBindPipeline(VkPipelineBindPoint pipelineBindPoint = VK_PIPELINE_BIND_POINT_COMPUTE, VkPipeline pipeline = '0x00005aecefd35410')",,,,
202,0,"vkCmdBindDescriptorSets(VkPipelineBindPoint pipelineBindPoint = VK_PIPELINE_BIND_POINT_COMPUTE, VkPipelineLayout layout = '0x00005aecf0393f80', uint32_t firstSet = 0, uint32_t descriptorSetCount = 1, const VkDescriptorSet* pDescriptorSets = { '0x00005aecf053f1b0' }, uint32_t dynamicOffsetCount = 0, const uint32_t* pDynamicOffsets = {})",,,,
203,0,"vkCmdDispatch(uint32_t groupCountX = 1, uint32_t groupCountY = 1, uint32_t groupCountZ = 1)",0.06ms,0.06ms,<0.01ms,
204,0,"vkCmdPipelineBarrier(VkPipelineStageFlags srcStageMask = VK_PIPELINE_STAGE_COMPUTE_SHADER_BIT, VkPipelineStageFlags dstStageMask = VK_PIPELINE_STAGE_COMPUTE_SHADER_BIT, VkDependencyFlags dependencyFlags = , uint32_t memoryBarrierCount = 0, const VkMemoryBarrier* pMemoryBarriers = {}, uint32_t bufferMemoryBarrierCount = 0, const VkBufferMemoryBarrier* pBufferMemoryBarriers = {}, uint32_t imageMemoryBarrierCount = 1, const VkImageMemoryBarrier* pImageMemoryBarriers = { { .srcAccessMask = VK_ACCESS_SHADER_WRITE_BIT, .dstAccessMask = VK_ACCESS_SHADER_READ_BIT, .oldLayout = VK_IMAGE_LAYOUT_GENERAL, .newLayout = VK_IMAGE_LAYOUT_SHADER_READ_ONLY_OPTIMAL, .srcQueueFamilyIndex = 4294967295, .dstQueueFamilyIndex = 4294967295, .image = '0x00005aecf06369d0' } })",0.06ms,0.06ms,<0.01ms,
205,0,"vkCmdPipelineBarrier(VkPipelineStageFlags srcStageMask = VK_PIPELINE_STAGE_COMPUTE_SHADER_BIT, VkPipelineStageFlags dstStageMask = VK_PIPELINE_STAGE_COMPUTE_SHADER_BIT, VkDependencyFlags dependencyFlags = , uint32_t memoryBarrierCount = 0, const VkMemoryBarrier* pMemoryBarriers = {}, uint32_t bufferMemoryBarrierCount = 0, const VkBufferMemoryBarrier* pBufferMemoryBarriers = {}, uint32_t imageMemoryBarrierCount = 1, const VkImageMemoryBarrier* pImageMemoryBarriers = { { .srcAccessMask = VK_ACCESS_NONE, .dstAccessMask = VK_ACCESS_SHADER_WRITE_BIT, .oldLayout = VK_IMAGE_LAYOUT_SHADER_READ_ONLY_OPTIMAL, .newLayout = VK_IMAGE_LAYOUT_GENERAL, .srcQueueFamilyIndex = 4294967295, .dstQueueFamilyIndex = 4294967295, .image = '0x00005aecefa3aa10' } })",0.06ms,0.07ms,<0.01ms,
206,0,"vkCmdBindPipeline(VkPipelineBindPoint pipelineBindPoint = VK_PIPELINE_BIND_POINT_COMPUTE, VkPipeline pipeline = '0x00005aecf01357c0')",,,,
207,0,"vkCmdBindDescriptorSets(VkPipelineBindPoint pipelineBindPoint = VK_PIPELINE_BIND_POINT_COMPUTE, VkPipelineLayout layout = '0x00005aecf0393f80', uint32_t firstSet = 0, uint32_t descriptorSetCount = 1, const VkDescriptorSet* pDescriptorSets = { '0x00005aecf0540680' }, uint32_t dynamicOffsetCount = 0, const uint32_t* pDynamicOffsets = {})",,,,
208,0,"vkCmdDispatch(uint32_t groupCountX = 54, uint32_t groupCountY = 29, uint32_t groupCountZ = 1)",0.07ms,0.07ms,<0.01ms,
209,0,"vkCmdPipelineBarrier(VkPipelineStageFlags srcStageMask = VK_PIPELINE_STAGE_COMPUTE_SHADER_BIT, VkPipelineStageFlags dstStageMask = VK_PIPELINE_STAGE_COMPUTE_SHADER_BIT, VkDependencyFlags dependencyFlags = , uint32_t memoryBarrierCount = 1, const VkMemoryBarrier* pMemoryBarriers = { { .srcAccessMask = VK_ACCESS_SHADER_WRITE_BIT, .dstAccessMask = VK_ACCESS_SHADER_READ_BIT } }, uint32_t bufferMemoryBarrierCount = 0, const VkBufferMemoryBarrier* pBufferMemoryBarriers = {}, uint32_t imageMemoryBarrierCount = 0, const VkImageMemoryBarrier* pImageMemoryBarriers = {})",0.07ms,0.08ms,<0.01ms,
210,0,"vkCmdBindPipeline(VkPipelineBindPoint pipelineBindPoint = VK_PIPELINE_BIND_POINT_COMPUTE, VkPipeline pipeline = '0x00005aecefd35410')",,,,
211,0,"vkCmdBindDescriptorSets(VkPipelineBindPoint pipelineBindPoint = VK_PIPELINE_BIND_POINT_COMPUTE, VkPipelineLayout layout = '0x00005aecf0393f80', uint32_t firstSet = 0, uint32_t descriptorSetCount = 1, const VkDescriptorSet* pDescriptorSets = { '0x00005aecf05409f8' }, uint32_t dynamicOffsetCount = 0, const uint32_t* pDynamicOffsets = {})",,,,
212,0,"vkCmdDispatch(uint32_t groupCountX = 27, uint32_t groupCountY = 15, uint32_t groupCountZ = 1)",0.08ms,0.08ms,<0.01ms,
213,0,"vkCmdPipelineBarrier(VkPipelineStageFlags srcStageMask = VK_PIPELINE_STAGE_COMPUTE_SHADER_BIT, VkPipelineStageFlags dstStageMask = VK_PIPELINE_STAGE_COMPUTE_SHADER_BIT, VkDependencyFlags dependencyFlags = , uint32_t memoryBarrierCount = 1, const VkMemoryBarrier* pMemoryBarriers = { { .srcAccessMask = VK_ACCESS_SHADER_WRITE_BIT, .dstAccessMask = VK_ACCESS_SHADER_READ_BIT } }, uint32_t bufferMemoryBarrierCount = 0, const VkBufferMemoryBarrier* pBufferMemoryBarriers = {}, uint32_t imageMemoryBarrierCount = 0, const VkImageMemoryBarrier* pImageMemoryBarriers = {})",0.08ms,0.08ms,<0.01ms,
214,0,"vkCmdBindPipeline(VkPipelineBindPoint pipelineBindPoint = VK_PIPELINE_BIND_POINT_COMPUTE, VkPipeline pipeline = '0x00005aecefd35410')",,,,
215,0,"vkCmdBindDescriptorSets(VkPipelineBindPoint pipelineBindPoint = VK_PIPELINE_BIND_POINT_COMPUTE, VkPipelineLayout layout = '0x00005aecf0393f80', uint32_t firstSet = 0, uint32_t descriptorSetCount = 1, const VkDescriptorSet* pDescriptorSets = { '0x00005aecf0540d70' }, uint32_t dynamicOffsetCount = 0, const uint32_t* pDynamicOffsets = {})",,,,
216,0,"vkCmdDispatch(uint32_t groupCountX = 14, uint32_t groupCountY = 8, uint32_t groupCountZ = 1)",0.08ms,0.09ms,<0.01ms,
217,0,"vkCmdPipelineBarrier(VkPipelineStageFlags srcStageMask = VK_PIPELINE_STAGE_COMPUTE_SHADER_BIT, VkPipelineStageFlags dstStageMask = VK_PIPELINE_STAGE_COMPUTE_SHADER_BIT, VkDependencyFlags dependencyFlags = , uint32_t memoryBarrierCount = 1, const VkMemoryBarrier* pMemoryBarriers = { { .srcAccessMask = VK_ACCESS_SHADER_WRITE_BIT, .dstAccessMask = VK_ACCESS_SHADER_READ_BIT } }, uint32_t bufferMemoryBarrierCount = 0, const VkBufferMemoryBarrier* pBufferMemoryBarriers = {}, uint32_t imageMemoryBarrierCount = 0, const VkImageMemoryBarrier* pImageMemoryBarriers = {})",0.09ms,0.09ms,<0.01ms,
218,0,"vkCmdBindPipeline(VkPipelineBindPoint pipelineBindPoint = VK_PIPELINE_BIND_POINT_COMPUTE, VkPipeline pipeline = '0x00005aecefd35410')",,,,
219,0,"vkCmdBindDescriptorSets(VkPipelineBindPoint pipelineBindPoint = VK_PIPELINE_BIND_POINT_COMPUTE, VkPipelineLayout layout = '0x00005aecf0393f80', uint32_t firstSet = 0, uint32_t descriptorSetCount = 1, const VkDescriptorSet* pDescriptorSets = { '0x00005aecf05410e8' }, uint32_t dynamicOffsetCount = 0, const uint32_t* pDynamicOffsets = {})",,,,
220,0,"vkCmdDispatch(uint32_t groupCountX = 7, uint32_t groupCountY = 4, uint32_t groupCountZ = 1)",0.09ms,0.09ms,<0.01ms,
221,0,"vkCmdPipelineBarrier(VkPipelineStageFlags srcStageMask = VK_PIPELINE_STAGE_COMPUTE_SHADER_BIT, VkPipelineStageFlags dstStageMask = VK_PIPELINE_STAGE_COMPUTE_SHADER_BIT, VkDependencyFlags dependencyFlags = , uint32_t memoryBarrierCount = 1, const VkMemoryBarrier* pMemoryBarriers = { { .srcAccessMask = VK_ACCESS_SHADER_WRITE_BIT, .dstAccessMask = VK_ACCESS_SHADER_READ_BIT } }, uint32_t bufferMemoryBarrierCount = 0, const VkBufferMemoryBarrier* pBufferMemoryBarriers = {}, uint32_t imageMemoryBarrierCount = 0, const VkImageMemoryBarrier* pImageMemoryBarriers = {})",0.09ms,0.10ms,<0.01ms,
222,0,"vkCmdBindPipeline(VkPipelineBindPoint pipelineBindPoint = VK_PIPELINE_BIND_POINT_COMPUTE, VkPipeline pipeline = '0x00005aecefd35410')",,,,
223,0,"vkCmdBindDescriptorSets(VkPipelineBindPoint pipelineBindPoint = VK_PIPELINE_BIND_POINT_COMPUTE, VkPipelineLayout layout = '0x00005aecf0393f80', uint32_t firstSet = 0, uint32_t descriptorSetCount = 1, const VkDescriptorSet* pDescriptorSets = { '0x00005aecf0541460' }, uint32_t dynamicOffsetCount = 0, const uint32_t* pDynamicOffsets = {})",,,,
224,0,"vkCmdDispatch(uint32_t groupCountX = 4, uint32_t groupCountY = 2, uint32_t groupCountZ = 1)",0.10ms,0.10ms,<0.01ms,
225,0,"vkCmdPipelineBarrier(VkPipelineStageFlags srcStageMask = VK_PIPELINE_STAGE_COMPUTE_SHADER_BIT, VkPipelineStageFlags dstStageMask = VK_PIPELINE_STAGE_COMPUTE_SHADER_BIT, VkDependencyFlags dependencyFlags = , uint32_t memoryBarrierCount = 1, const VkMemoryBarrier* pMemoryBarriers = { { .srcAccessMask = VK_ACCESS_SHADER_WRITE_BIT, .dstAccessMask = VK_ACCESS_SHADER_READ_BIT } }, uint32_t bufferMemoryBarrierCount = 0, const VkBufferMemoryBarrier* pBufferMemoryBarriers = {}, uint32_t imageMemoryBarrierCount = 0, const VkImageMemoryBarrier* pImageMemoryBarriers = {})",0.10ms,0.10ms,<0.01ms,
226,0,"vkCmdBindPipeline(VkPipelineBindPoint pipelineBindPoint = VK_PIPELINE_BIND_POINT_COMPUTE, VkPipeline pipeline = '0x00005aecefd35410')",,,,
227,0,"vkCmdBindDescriptorSets(VkPipelineBindPoint pipelineBindPoint = VK_PIPELINE_BIND_POINT_COMPUTE, VkPipelineLayout layout = '0x00005aecf0393f80', uint32_t firstSet = 0, uint32_t descriptorSetCount = 1, const VkDescriptorSet* pDescriptorSets = { '0x00005aecf05417d8' }, uint32_t dynamicOffsetCount = 0, const uint32_t* pDynamicOffsets = {})",,,,
228,0,"vkCmdDispatch(uint32_t groupCountX = 2, uint32_t groupCountY = 1, uint32_t groupCountZ = 1)",0.10ms,0.11ms,<0.01ms,
229,0,"vkCmdPipelineBarrier(VkPipelineStageFlags srcStageMask = VK_PIPELINE_STAGE_COMPUTE_SHADER_BIT, VkPipelineStageFlags dstStageMask = VK_PIPELINE_STAGE_COMPUTE_SHADER_BIT, VkDependencyFlags dependencyFlags = , uint32_t memoryBarrierCount = 1, const VkMemoryBarrier* pMemoryBarriers = { { .srcAccessMask = VK_ACCESS_SHADER_WRITE_BIT, .dstAccessMask = VK_ACCESS_SHADER_READ_BIT } }, uint32_t bufferMemoryBarrierCount = 0, const VkBufferMemoryBarrier* pBufferMemoryBarriers = {}, uint32_t imageMemoryBarrierCount = 0, const VkImageMemoryBarrier* pImageMemoryBarriers = {})",0.11ms,0.11ms,<0.01ms,
230,0,"vkCmdBindPipeline(VkPipelineBindPoint pipelineBindPoint = VK_PIPELINE_BIND_POINT_COMPUTE, VkPipeline pipeline = '0x00005aecefd35410')",,,,
231,0,"vkCmdBindDescriptorSets(VkPipelineBindPoint pipelineBindPoint = VK_PIPELINE_BIND_POINT_COMPUTE, VkPipelineLayout layout = '0x00005aecf0393f80', uint32_t firstSet = 0, uint32_t descriptorSetCount = 1, const VkDescriptorSet* pDescriptorSets = { '0x00005aecf0541b50' }, uint32_t dynamicOffsetCount = 0, const uint32_t* pDynamicOffsets = {})",,,,
232,0,"vkCmdDispatch(uint32_t groupCountX = 1, uint32_t groupCountY = 1, uint32_t groupCountZ = 1)",0.11ms,0.11ms,<0.01ms,
233,0,"vkCmdPipelineBarrier(VkPipelineStageFlags srcStageMask = VK_PIPELINE_STAGE_COMPUTE_SHADER_BIT, VkPipelineStageFlags dstStageMask = VK_PIPELINE_STAGE_COMPUTE_SHADER_BIT, VkDependencyFlags dependencyFlags = , uint32_t memoryBarrierCount = 1, const VkMemoryBarrier* pMemoryBarriers = { { .srcAccessMask = VK_ACCESS_SHADER_WRITE_BIT, .dstAccessMask = VK_ACCESS_SHADER_READ_BIT } }, uint32_t bufferMemoryBarrierCount = 0, const VkBufferMemoryBarrier* pBufferMemoryBarriers = {}, uint32_t imageMemoryBarrierCount = 0, const VkImageMemoryBarrier* pImageMemoryBarriers = {})",0.11ms,0.12ms,<0.01ms,
234,0,"vkCmdBindPipeline(VkPipelineBindPoint pipelineBindPoint = VK_PIPELINE_BIND_POINT_COMPUTE, VkPipeline pipeline = '0x00005aecefd35410')",,,,
235,0,"vkCmdBindDescriptorSets(VkPipelineBindPoint pipelineBindPoint = VK_PIPELINE_BIND_POINT_COMPUTE, VkPipelineLayout layout = '0x00005aecf0393f80', uint32_t firstSet = 0, uint32_t descriptorSetCount = 1, const VkDescriptorSet* pDescriptorSets = { '0x00005aecf0541ec8' }, uint32_t dynamicOffsetCount = 0, const uint32_t* pDynamicOffsets = {})",,,,
236,0,"vkCmdDispatch(uint32_t groupCountX = 1, uint32_t groupCountY = 1, uint32_t groupCountZ = 1)",0.12ms,0.12ms,<0.01ms,
237,0,"vkCmdPipelineBarrier(VkPipelineStageFlags srcStageMask = VK_PIPELINE_STAGE_COMPUTE_SHADER_BIT, VkPipelineStageFlags dstStageMask = VK_PIPELINE_STAGE_COMPUTE_SHADER_BIT, VkDependencyFlags dependencyFlags = , uint32_t memoryBarrierCount = 1, const VkMemoryBarrier* pMemoryBarriers = { { .srcAccessMask = VK_ACCESS_SHADER_WRITE_BIT, .dstAccessMask = VK_ACCESS_SHADER_READ_BIT } }, uint32_t bufferMemoryBarrierCount = 0, const VkBufferMemoryBarrier* pBufferMemoryBarriers = {}, uint32_t imageMemoryBarrierCount = 0, const VkImageMemoryBarrier* pImageMemoryBarriers = {})",0.12ms,0.12ms,<0.01ms,
238,0,"vkCmdBindPipeline(VkPipelineBindPoint pipelineBindPoint = VK_PIPELINE_BIND_POINT_COMPUTE, VkPipeline pipeline = '0x00005aecefd35410')",,,,
239,0,"vkCmdBindDescriptorSets(VkPipelineBindPoint pipelineBindPoint = VK_PIPELINE_BIND_POINT_COMPUTE, VkPipelineLayout layout = '0x00005aecf0393f80', uint32_t firstSet = 0, uint32_t descriptorSetCount = 1, const VkDescriptorSet* pDescriptorSets = { '0x00005aecf0542240' }, uint32_t dynamicOffsetCount = 0, const uint32_t* pDynamicOffsets = {})",,,,
240,0,"vkCmdDispatch(uint32_t groupCountX = 1, uint32_t groupCountY = 1, uint32_t groupCountZ = 1)",0.12ms,0.13ms,0.01ms,
241,0,"vkCmdPipelineBarrier(VkPipelineStageFlags srcStageMask = VK_PIPELINE_STAGE_COMPUTE_SHADER_BIT, VkPipelineStageFlags dstStageMask = VK_PIPELINE_STAGE_COMPUTE_SHADER_BIT, VkDependencyFlags dependencyFlags = , uint32_t memoryBarrierCount = 0, const VkMemoryBarrier* pMemoryBarriers = {}, uint32_t bufferMemoryBarrierCount = 0, const VkBufferMemoryBarrier* pBufferMemoryBarriers = {}, uint32_t imageMemoryBarrierCount = 1, const VkImageMemoryBarrier* pImageMemoryBarriers = { { .srcAccessMask = VK_ACCESS_SHADER_WRITE_BIT, .dstAccessMask = VK_ACCESS_SHADER_READ_BIT, .oldLayout = VK_IMAGE_LAYOUT_GENERAL, .newLayout = VK_IMAGE_LAYOUT_SHADER_READ_ONLY_OPTIMAL, .srcQueueFamilyIndex = 4294967295, .dstQueueFamilyIndex = 4294967295, .image = '0x00005aecefa3aa10' } })",0.13ms,0.13ms,<0.01ms,
242 - 247,0,"vkQueueSubmit(uint32_t submitCount = 1, const VkSubmitInfo* pSubmits = { { .pNext = { .waitSemaphoreValueCount = 1, .pWaitSemaphoreValues = { 3105 }, .signalSemaphoreValueCount = 1, .pSignalSemaphoreValues = { 3105 } }, .waitSemaphoreCount = 1, .pWaitSemaphores = { '0x00005aecf04a0910' }, .pWaitDstStageMask = { VK_PIPELINE_STAGE_COMPUTE_SHADER_BIT }, .commandBufferCount = 1, .pCommandBuffers = { '0x00005aecef58df20' }, .signalSemaphoreCount = 1, .pSignalSemaphores = { '0x00005aecf04a0110' } } }, VkFence fence = 'VK_NULL_HANDLE')",0.14ms,0.18ms,0.04ms,
243 - 247,0,VkCommandBuffer (0),0.15ms,0.18ms,0.03ms,
243,0,"vkCmdBindPipeline(VkPipelineBindPoint pipelineBindPoint = VK_PIPELINE_BIND_POINT_COMPUTE, VkPipeline pipeline = '0x00005aecefe1db50')",,,,
244,0,"vkCmdBindDescriptorSets(VkPipelineBindPoint pipelineBindPoint = VK_PIPELINE_BIND_POINT_COMPUTE, VkPipelineLayout layout = '0x00005aecf03ac320', uint32_t firstSet = 0, uint32_t descriptorSetCount = 1, const VkDescriptorSet* pDescriptorSets = { '0x00005aecf053ac50' }, uint32_t dynamicOffsetCount = 0, const uint32_t* pDynamicOffsets = {})",,,,
245 - 247,0,vkCmdDispatch (17-18),0.15ms,0.18ms,0.03ms,
245,0,"vkCmdDispatch(uint32_t groupCountX = 54, uint32_t groupCountY = 1, uint32_t groupCountZ = 1)",,,,
246,0,"vkCmdBindDescriptorSets(VkPipelineBindPoint pipelineBindPoint = VK_PIPELINE_BIND_POINT_COMPUTE, VkPipelineLayout layout = '0x00005aecf03ac320', uint32_t firstSet = 0, uint32_t descriptorSetCount = 1, const VkDescriptorSet* pDescriptorSets = { '0x00005aecf053afc8' }, uint32_t dynamicOffsetCount = 0, const uint32_t* pDynamicOffsets = {})",,,,
247,0,"vkCmdDispatch(uint32_t groupCountX = 54, uint32_t groupCountY = 1, uint32_t groupCountZ = 1)",,,,
248 - 260,0,"vkQueueSubmit(uint32_t submitCount = 1, const VkSubmitInfo* pSubmits = { { .pNext = { .waitSemaphoreValueCount = 1, .pWaitSemaphoreValues = { 3105 }, .signalSemaphoreValueCount = 1, .pSignalSemaphoreValues = { 3105 } }, .waitSemaphoreCount = 1, .pWaitSemaphores = { '0x00005aecf02a1a20' }, .pWaitDstStageMask = { VK_PIPELINE_STAGE_COMPUTE_SHADER_BIT }, .commandBufferCount = 1, .pCommandBuffers = { '0x00005aecef589030' }, .signalSemaphoreCount = 1, .pSignalSemaphores = { '0x00005aecf04a4ff0' } } }, VkFence fence = 'VK_NULL_HANDLE')",0.19ms,2.87ms,2.68ms,
249 - 260,0,VkCommandBuffer (1),2.69ms,2.87ms,0.18ms,
249,0,"vkCmdPipelineBarrier(VkPipelineStageFlags srcStageMask = VK_PIPELINE_STAGE_COMPUTE_SHADER_BIT, VkPipelineStageFlags dstStageMask = VK_PIPELINE_STAGE_COMPUTE_SHADER_BIT, VkDependencyFlags dependencyFlags = , uint32_t memoryBarrierCount = 0, const VkMemoryBarrier* pMemoryBarriers = {}, uint32_t bufferMemoryBarrierCount = 0, const VkBufferMemoryBarrier* pBufferMemoryBarriers = {}, uint32_t imageMemoryBarrierCount = 1, const VkImageMemoryBarrier* pImageMemoryBarriers = { { .srcAccessMask = VK_ACCESS_NONE, .dstAccessMask = VK_ACCESS_SHADER_WRITE_BIT, .oldLayout = VK_IMAGE_LAYOUT_SHADER_READ_ONLY_OPTIMAL, .newLayout = VK_IMAGE_LAYOUT_GENERAL, .srcQueueFamilyIndex = 4294967295, .dstQueueFamilyIndex = 4294967295, .image = '0x00005aecf0641330' } })",2.69ms,2.69ms,<0.01ms,
250,0,"vkCmdBindPipeline(VkPipelineBindPoint pipelineBindPoint = VK_PIPELINE_BIND_POINT_COMPUTE, VkPipeline pipeline = '0x00005aecf01357c0')",,,,
251,0,"vkCmdBindDescriptorSets(VkPipelineBindPoint pipelineBindPoint = VK_PIPELINE_BIND_POINT_COMPUTE, VkPipelineLayout layout = '0x00005aecf0393f80', uint32_t firstSet = 0, uint32_t descriptorSetCount = 1, const VkDescriptorSet* pDescriptorSets = { '0x00005aecf0543e00' }, uint32_t dynamicOffsetCount = 0, const uint32_t* pDynamicOffsets = {})",,,,
252,0,"vkCmdDispatch(uint32_t groupCountX = 160, uint32_t groupCountY = 86, uint32_t groupCountZ = 1)",2.69ms,2.72ms,0.03ms,
253,0,"vkCmdPipelineBarrier(VkPipelineStageFlags srcStageMask = VK_PIPELINE_STAGE_COMPUTE_SHADER_BIT, VkPipelineStageFlags dstStageMask = VK_PIPELINE_STAGE_COMPUTE_SHADER_BIT, VkDependencyFlags dependencyFlags = , uint32_t memoryBarrierCount = 1, const VkMemoryBarrier* pMemoryBarriers = { { .srcAccessMask = VK_ACCESS_SHADER_WRITE_BIT, .dstAccessMask = VK_ACCESS_SHADER_READ_BIT } }, uint32_t bufferMemoryBarrierCount = 0, const VkBufferMemoryBarrier* pBufferMemoryBarriers = {}, uint32_t imageMemoryBarrierCount = 0, const VkImageMemoryBarrier* pImageMemoryBarriers = {})",2.72ms,2.72ms,<0.01ms,
254,0,"vkCmdBindPipeline(VkPipelineBindPoint pipelineBindPoint = VK_PIPELINE_BIND_POINT_COMPUTE, VkPipeline pipeline = '0x00005aecefd35410')",,,,
255,0,"vkCmdBindDescriptorSets(VkPipelineBindPoint pipelineBindPoint = VK_PIPELINE_BIND_POINT_COMPUTE, VkPipelineLayout layout = '0x00005aecf0393f80', uint32_t firstSet = 0, uint32_t descriptorSetCount = 1, const VkDescriptorSet* pDescriptorSets = { '0x00005aecf0544178' }, uint32_t dynamicOffsetCount = 0, const uint32_t* pDynamicOffsets = {})",,,,
256,0,"vkCmdDispatch(uint32_t groupCountX = 80, uint32_t groupCountY = 43, uint32_t groupCountZ = 1)",2.72ms,2.73ms,0.01ms,
257,0,"vkCmdPipelineBarrier(VkPipelineStageFlags srcStageMask = VK_PIPELINE_STAGE_COMPUTE_SHADER_BIT, VkPipelineStageFlags dstStageMask = VK_PIPELINE_STAGE_COMPUTE_SHADER_BIT, VkDependencyFlags dependencyFlags = , uint32_t memoryBarrierCount = 1, const VkMemoryBarrier* pMemoryBarriers = { { .srcAccessMask = VK_ACCESS_SHADER_WRITE_BIT, .dstAccessMask = VK_ACCESS_SHADER_READ_BIT } }, uint32_t bufferMemoryBarrierCount = 0, const VkBufferMemoryBarrier* pBufferMemoryBarriers = {}, uint32_t imageMemoryBarrierCount = 0, const VkImageMemoryBarrier* pImageMemoryBarriers = {})",2.73ms,2.73ms,<0.01ms,
258,0,"vkCmdBindPipeline(VkPipelineBindPoint pipelineBindPoint = VK_PIPELINE_BIND_POINT_COMPUTE, VkPipeline pipeline = '0x00005aecefd35410')",,,,
259,0,"vkCmdBindDescriptorSets(VkPipelineBindPoint pipelineBindPoint = VK_PIPELINE_BIND_POINT_COMPUTE, VkPipelineLayout layout = '0x00005aecf0393f80', uint32_t firstSet = 0, uint32_t descriptorSetCount = 1, const VkDescriptorSet* pDescriptorSets = { '0x00005aecf05444f0' }, uint32_t dynamicOffsetCount = 0, const uint32_t* pDynamicOffsets = {})",,,,
260,0,"vkCmdDispatch(uint32_t groupCountX = 40, uint32_t groupCountY = 22, uint32_t groupCountZ = 1)",2.73ms,2.74ms,<0.01ms,
